,zdate,ztime,Date,po_number,customer,style,doff_id,current_stock,ATC_quantity,sticker_count,end_count,dyeot,cflag,emp_id,emp_name,machine_id,shift,time_taken,length_passed,doff_type,error_details,error_code,error_text,MATNR,Error_wrt_Sticker,Towel_type,effective_run_time,week,month,quarter,Knotting,Plain,False Alarm,Damage,Others
0,2021:09:07,22:15:56,09/07/2021,250829700,Amazon,Solid,L152048220,28210,942,945,6,temp,full,110795,John,Machine 3,B,8,1282,full,0,[],[],TDAH645MB0P,0.32,Bath,6.13,Week 36,September,Q 3,0,0,0,0,0
1,2021:09:07,21:33:52,09/07/2021,250829700,Amazon,Solid,L119048198,31096,1098,1098,9,temp,full,110795,John,Machine 3,B,14,1491,full,0,[],[],TDAH645MB0P,0.0,Bath,12.18,Week 36,September,Q 3,0,0,0,0,0
2,2021:09:07,21:59:01,09/07/2021,250829700,Amazon,Solid,L149048219,31096,858,861,3,temp,full,110795,John,Machine 3,B,4,1171,full,1,[],[''],TDAH645MB0P,0.35,Bath,32.52,Week 36,September,Q 3,0,0,0,0,0
3,2021:09:07,23:58:55,09/07/2021,250829700,Amazon,Solid,L003048265,19741,1167,1173,3,temp,full,62685,Alex,Machine 3,C,5,1594,full,1,[],[''],TDAH645MB0P,0.51,Bath,28.87,Week 36,September,Q 3,0,0,0,0,0
4,2021:09:07,21:46:13,09/07/2021,250829700,Amazon,Solid,L033048262,31096,936,927,9,temp,full,110795,John,Machine 3,B,7,1269,full,1,[],[''],TDAH645MB0P,-0.97,Bath,22.05,Week 36,September,Q 3,1,0,0,0,0
5,2021:09:07,22:32:12,09/07/2021,250829700,Amazon,Solid,L192048176,28210,936,939,6,temp,full,110795,John,Machine 3,B,10,1274,full,1,[],[''],TDAH645MB0P,0.32,Bath,20.0,Week 36,September,Q 3,1,0,0,0,0
6,2021:09:07,23:43:46,09/07/2021,250829700,Amazon,Solid,L147048312,19741,852,843,3,temp,full,62685,Alex,Machine 3,C,19,1163,full,1,[],[''],TDAH645MB0P,-1.07,Bath,16.75,Week 36,September,Q 3,1,0,0,0,0
7,2021:09:08,08:54:29,09/08/2021,250829704,Amazon,Texture,l270046360,32189,531,645,3,temp,full,142641,Jack,Machine 3,A,3,723,full,0,[],[],TDAH646MB0P,17.67,Bath,61.33,Week 36,September,Q 3,0,0,0,0,0
8,2021:09:08,14:29:07,09/08/2021,250829704,Amazon,Texture,l359048488,19642,1101,1104,12,temp,full,142641,Jack,Machine 3,A,5,1491,full,0,[],[],TDAH646MB0P,0.27,Bath,43.47,Week 36,September,Q 3,0,0,0,0,0
9,2021:09:08,09:50:45,09/08/2021,250829704,Amazon,Texture,l173047634,32189,1185,1185,9,temp,full,142641,Jack,Machine 3,A,5,1611,full,0,[],[],TDAH646MB0P,0.0,Bath,33.3,Week 36,September,Q 3,0,0,0,0,0
10,2021:09:08,13:41:47,09/08/2021,250829704,Amazon,Texture,l143048500,19642,1353,1356,9,temp,full,142641,Jack,Machine 3,A,5,1841,full,0,[],[],TDAH646MB0P,0.22,Bath,2.38,Week 36,September,Q 3,0,0,0,0,0
11,2021:09:08,06:10:32,09/08/2021,250829704,Amazon,Texture,l173048328,45728,900,900,6,temp,full,62685,Alex,Machine 3,C,5,1224,full,0,[],[],TDAH646MB0P,0.0,Bath,22.8,Week 36,September,Q 3,0,0,0,0,0
12,2021:09:08,05:29:54,09/08/2021,250829704,Amazon,Texture,l276048301,51391,1077,1077,6,temp,full,62685,Alex,Machine 3,C,5,1467,full,0,[],[],TDAH646MB0P,0.0,Bath,17.65,Week 36,September,Q 3,0,0,0,0,0
13,2021:09:08,09:05:32,09/08/2021,250829704,Amazon,Texture,l253046321,32189,1134,1137,15,temp,full,142641,Jack,Machine 3,A,6,1533,full,0,[],[],TDAH646MB0P,0.26,Bath,69.57,Week 36,September,Q 3,0,0,0,0,0
14,2021:09:08,03:26:35,09/08/2021,250829704,Amazon,Texture,l165047830,60886,1182,1170,3,temp,full,62685,Alex,Machine 3,C,9,1615,full,0,[],[],TDAH646MB0P,-1.03,Bath,28.48,Week 36,September,Q 3,1,0,0,0,0
15,2021:09:08,14:55:04,09/08/2021,250829704,Amazon,Texture,l306048467,19345,1050,1053,6,temp,full,142641,Jack,Machine 3,A,11,1430,full,0,[],[],TDAH646MB0P,0.28,Bath,8.65,Week 36,September,Q 3,0,0,0,0,0
16,2021:09:08,04:13:32,09/08/2021,250829704,Amazon,Texture,l183047741,60886,1068,1068,3,temp,full,62685,Alex,Machine 3,C,11,1459,full,0,[],[],TDAH646MB0P,0.0,Bath,23.63,Week 36,September,Q 3,0,0,0,0,0
17,2021:09:08,03:55:47,09/08/2021,250829704,Amazon,Texture,l178047744,60886,1197,1200,3,temp,full,62685,Alex,Machine 3,C,11,1635,full,0,[],[],TDAH646MB0P,0.25,Bath,8.45,Week 36,September,Q 3,0,0,0,0,0
18,2021:09:08,03:12:54,09/08/2021,250829704,Amazon,Texture,l168046386,60886,699,687,3,temp,full,62685,Alex,Machine 3,C,12,953,full,0,[],[],TDAH646MB0P,-1.75,Bath,17.97,Week 36,September,Q 3,0,0,0,0,0
19,2021:09:08,05:19:14,09/08/2021,250829704,Amazon,Texture,l268048299,51391,1101,1101,3,temp,full,62685,Alex,Machine 3,C,12,1504,full,0,[],[],TDAH646MB0P,0.0,Bath,9.9,Week 36,September,Q 3,0,0,0,0,0
20,2021:09:08,08:42:29,09/08/2021,250829704,Amazon,Texture,l160048438,32189,1062,1059,9,temp,full,142641,Jack,Machine 3,A,14,1442,full,0,[],[],TDAH646MB0P,-0.28,Bath,50.73,Week 36,September,Q 3,0,0,0,0,0
21,2021:09:08,04:40:05,09/08/2021,250829704,Amazon,Texture,l355046388,57013,948,888,3,temp,full,62685,Alex,Machine 3,C,15,1294,full,0,[],[],TDAH646MB0P,-6.76,Bath,12.83,Week 36,September,Q 3,0,0,0,0,0
22,2021:09:08,06:01:22,09/08/2021,250829704,Amazon,Texture,l276048013,45728,1317,1311,0,temp,full,62685,Alex,Machine 3,C,19,1804,full,0,[],[],TDAH646MB0P,-0.46,Bath,15.82,Week 36,September,Q 3,0,0,0,0,0
23,2021:09:08,14:15:21,09/08/2021,250829704,Amazon,Texture,l172048497,19642,1197,1218,9,temp,full,142641,Jack,Machine 3,A,24,1627,full,0,[],[],TDAH646MB0P,1.72,Bath,33.22,Week 36,September,Q 3,0,0,0,0,1
24,2021:09:08,09:40:15,09/08/2021,250829704,Amazon,Texture,l191048451,32189,1128,1125,12,temp,full,142641,Jack,Machine 3,A,28,1528,full,0,[],[],TDAH646MB0P,-0.27,Bath,26.02,Week 36,September,Q 3,0,0,0,0,0
25,2021:09:08,00:09:27,09/08/2021,250829700,Amazon,Solid,l24,19741,759,759,3,temp,full,62685,Alex,Machine 3,C,4,1035,full,1,[],[''],TDAH645MB0P,0.0,Bath,37.52,Week 36,September,Q 3,0,0,0,0,0
26,2021:09:08,08:04:40,09/08/2021,250829704,Amazon,Texture,l169046382,32189,894,891,9,temp,full,142641,Jack,Machine 3,A,5,1212,full,1,[],[''],TDAH646MB0P,-0.34,Bath,18.2,Week 36,September,Q 3,0,0,0,0,0
27,2021:09:08,08:16:08,09/08/2021,250829704,Amazon,Texture,l168048437,32189,1122,1122,3,temp,full,142641,Jack,Machine 3,A,5,1533,full,1,[],[''],TDAH646MB0P,0.0,Bath,27.08,Week 36,September,Q 3,0,0,0,0,0
28,2021:09:08,01:23:43,09/08/2021,250829700,Amazon,Solid,l025048340,14347,1002,1002,3,temp,full,62685,Alex,Machine 3,C,5,1368,full,1,[],[''],TDAH645MB0P,0.0,Bath,16.97,Week 36,September,Q 3,0,0,0,0,0
29,2021:09:08,01:34:56,09/08/2021,250829700,Amazon,Solid,l196048177,14347,1071,1080,3,temp,full,62685,Alex,Machine 3,C,5,1463,full,1,[],[''],TDAH645MB0P,0.83,Bath,25.47,Week 36,September,Q 3,0,0,0,0,0
30,2021:09:08,07:50:29,09/08/2021,250829704,Amazon,Texture,l165046380,32189,750,747,6,temp,full,142641,Jack,Machine 3,A,8,1019,full,1,[],[''],TDAH646MB0P,-0.4,Bath,6.33,Week 36,September,Q 3,1,0,0,0,0
31,2021:09:08,01:12:24,09/08/2021,250829700,Amazon,Solid,l154048347,14347,675,615,3,temp,full,62685,Alex,Machine 3,C,10,920,full,1,[],[''],TDAH645MB0P,-9.76,Bath,8.37,Week 36,September,Q 3,1,0,0,0,0
32,2021:09:08,04:56:34,09/08/2021,250829704,Amazon,Texture,l304047714,57013,1311,1311,6,temp,full,62685,Alex,Machine 3,C,10,1787,full,1,[],[''],TDAH646MB0P,0.0,Bath,25.78,Week 36,September,Q 3,1,0,0,0,0
33,2021:09:08,06:42:00,09/08/2021,250829704,Amazon,Texture,l268048009,43550,1146,1146,6,temp,full,62685,Alex,Machine 3,C,12,1561,full,1,[],[''],TDAH646MB0P,0.0,Bath,9.4,Week 36,September,Q 3,1,0,0,0,0
34,2021:09:08,13:20:20,09/08/2021,250829704,Amazon,Texture,l145048501,21646,1290,1290,3,temp,full,142641,Jack,Machine 3,A,31,1763,full,1,[],[''],TDAH646MB0P,0.0,Bath,28.52,Week 36,September,Q 3,0,0,0,0,1
35,2021:09:08,11:00:01,09/08/2021,250829704,Amazon,Texture,l340048332,24032,1014,993,3,temp,full,142641,Jack,Machine 3,A,5,1385,full,2,['GTDK'],"['', 'Knotting']",TDAH646MB0P,-2.11,Bath,27.52,Week 36,September,Q 3,0,0,0,0,0
36,2021:09:08,10:49:39,09/08/2021,250829704,Amazon,Texture,l178048460,24032,1008,1011,6,temp,full,142641,Jack,Machine 3,A,22,1372,full,2,['GTDK'],"['', 'Knotting']",TDAH646MB0P,0.3,Bath,19.8,Week 36,September,Q 3,2,0,0,0,0
37,2021:09:08,00:33:43,09/08/2021,250829700,Amazon,Solid,l104048310,19741,837,831,3,temp,full,62685,Alex,Machine 3,C,15,1142,full,3,"['GTDP', 'GTDD']","['', 'Plain', 'Damage']",TDAH645MB0P,-0.72,Bath,12.87,Week 36,September,Q 3,1,1,0,1,0
38,2021:09:01,8:34:18,9/01/2021,250843853,Amazon,Colored,l284046026,2220,96,96,6,temp,cut,142641,Jack,Machine 3,A,1,132,cut,0,[],[],TDAL855ZB0P,0.0,Bath,109.28,Week 35,September,Q 3,0,0,0,0,0
39,2021:09:01,19:29:06,9/01/2021,250828179,Amazon,Solid,l104045677,28014,681,681,3,temp,full,139704,Robert,Machine 3,B,3,928,full,0,[],[],TDAH645MB0P,0.0,Bath,3.95,Week 35,September,Q 3,0,0,0,0,0
40,2021:09:01,10:19:53,9/01/2021,250844496,Amazon,Colored,l284044697,1260,549,546,9,temp,full,142641,Jack,Machine 3,A,3,793,full,0,[],[''],TDAL855ZB0P,-0.549450549,Bath,20.62,Week 35,September,Q 3,0,0,0,0,0
41,2021:09:01,8:51:51,9/01/2021,250843853,Amazon,Colored,l251046620,2220,897,894,6,temp,full,142641,Jack,Machine 3,A,4,1309,full,0,[],[],TDAL855ZB0P,-0.33557047,Bath,124.65,Week 35,September,Q 3,0,0,0,0,0
42,2021:09:01,5:07:59,9/01/2021,250844599,Amazon,Colored,l284046583,1012,678,678,3,temp,full,154864,Micheal,Machine 3,C,4,992,full,0,[],[''],TDAL855ZB0P,0.0,Bath,23.6,Week 35,September,Q 3,0,0,0,0,0
43,2021:09:01,5:37:50,9/01/2021,250844599,Amazon,Colored,l360045475,1012,726,720,6,temp,full,154864,Micheal,Machine 3,C,4,1058,full,0,[],[],TDAL855ZB0P,-0.833333333,Bath,50.82,Week 35,September,Q 3,0,0,0,0,0
44,2021:09:01,9:50:00,9/01/2021,250843853,Amazon,Colored,l360046633,2220,762,756,12,temp,full,142641,Jack,Machine 3,A,7,1102,full,0,['GTDP'],"['', 'Plain']",TDAL855ZB0P,-0.793650794,Bath,29.58,Week 35,September,Q 3,0,0,0,0,0
45,2021:09:01,6:45:44,9/01/2021,250844599,Amazon,Colored,l360046107,0,786,593,3,temp,full,154864,Micheal,Machine 3,C,7,1151,full,0,[],[],TDAL855ZB0P,-32.54637437,Bath,5.45,Week 35,September,Q 3,0,0,0,0,0
46,2021:09:01,7:11:08,9/01/2021,250844599,Amazon,Colored,l339046605,0,768,768,6,temp,full,154864,Micheal,Machine 3,A,21,1120,full,0,[],[],TDAL855ZB0P,0.0,Bath,19.0,Week 35,September,Q 3,0,0,0,0,0
47,2021:09:01,8:22:28,9/01/2021,250845332,Amazon,Colored,l284046026,583,582,583,3,temp,cut,154864,Micheal,Machine 3,A,31,851,cut,0,[],[],TDAL855ZB0P,0.17152658699999998,Bath,96.38,Week 35,September,Q 3,0,0,0,0,0
48,2021:09:01,9:10:36,9/01/2021,250843853,Amazon,Colored,l293043182,2220,756,756,6,temp,full,142641,Jack,Machine 3,A,7,1102,full,1,[],[],TDAL855ZB0P,0.0,Bath,141.45,Week 35,September,Q 3,1,0,0,0,0
49,2021:09:01,10:11:21,9/01/2021,250844496,Amazon,Colored,l325046575,1260,885,879,6,temp,full,142641,Jack,Machine 3,A,16,1292,full,1,[],"['', 'Knotting']",TDAL855ZB0P,-0.6825938570000001,Bath,14.12,Week 35,September,Q 3,1,0,0,0,0
50,2021:09:01,6:18:19,9/01/2021,250844599,Amazon,Colored,l293044783,1012,588,585,3,temp,full,154864,Micheal,Machine 3,C,17,859,full,1,[],[],TDAL855ZB0P,-0.512820513,Bath,90.07,Week 35,September,Q 3,1,0,0,0,0
51,2021:09:01,4:59:16,9/01/2021,250844599,Amazon,Colored,l293046571,1012,876,867,6,temp,full,154864,Micheal,Machine 3,C,20,1278,full,1,[],[''],TDAL855ZB0P,-1.038062284,Bath,17.52,Week 35,September,Q 3,1,0,0,0,0
52,2021:09:01,9:27:34,9/01/2021,250843853,Amazon,Colored,l293045894,2220,828,825,6,temp,full,142641,Jack,Machine 3,A,11,1208,full,2,['GTDP'],"['', 'Plain']",TDAL855ZB0P,-0.363636364,Bath,9.57,Week 35,September,Q 3,1,1,0,0,0
53,2021:09:01,5:31:45,9/01/2021,250844599,Amazon,Colored,l293040741,1012,447,447,9,temp,full,154864,Micheal,Machine 3,C,15,643,full,3,[],[],TDAL855ZB0P,0.0,Bath,44.18,Week 35,September,Q 3,0,3,0,0,0
54,2021:09:02,14:27:23,9/02/2021,250824933,Amazon,Twist,L255042287,5342,174,174,6,temp,cut,68677,Thomas,Machine 3,A,1,238,cut,0,[],[],TDAI599EB0P,0.0,Bath,46.48,Week 35,September,Q 3,0,0,0,0,0
55,2021:09:02,22:07:28,9/02/2021,250824932,Amazon,Twist,l123,3664,165,165,6,temp,full,110795,John,Machine 3,B,1,225,full,0,[],[],TDAI599EB0P,0.0,Bath,69.9,Week 35,September,Q 3,0,0,0,0,0
56,2021:09:02,15:40:43,9/02/2021,250824933,Amazon,Twist,l369046491,4133,174,174,0,temp,cut,110795,John,Machine 3,B,1,247,cut,0,[],[],TDAI599EB0P,0.0,Bath,0.77,Week 35,September,Q 3,0,0,0,0,0
57,2021:09:02,11:11:10,9/02/2021,250824941,Amazon,Twist,L210043887,3779,432,419,12,temp,cut,68677,Thomas,Machine 3,A,2,138,cut,0,[],[],TDAI599EW0P,-3.102625298,Wash,117.67,Week 35,September,Q 3,0,0,0,0,0
58,2021:09:02,17:40:36,9/02/2021,250824933,Amazon,Twist,l214046501,2378,162,162,9,temp,cut,110795,John,Machine 3,B,2,217,cut,0,[],[],TDAI599EB0P,0.0,Bath,32.43,Week 35,September,Q 3,0,0,0,0,0
59,2021:09:02,21:58:16,9/02/2021,250824932,Amazon,Twist,l123,3664,402,402,3,temp,full,110795,John,Machine 3,B,3,566,full,0,[],[],TDAI599EB0P,0.0,Bath,61.08,Week 35,September,Q 3,0,0,0,0,0
60,2021:09:02,19:23:36,9/02/2021,250843851,Amazon,Colored,L360045059,378,636,636,3,temp,full,110795,John,Machine 3,B,3,930,full,0,[],[''],TDAL855ZB0P,0.0,Bath,10.8,Week 35,September,Q 3,0,0,0,0,0
61,2021:09:02,5:36:39,9/02/2021,250828494,Amazon,Texture,l156046078,30294,594,594,6,temp,full,62685,Alex,Machine 3,C,4,805,full,0,[],[''],TDAH646MB0P,0.0,Bath,54.93,Week 35,September,Q 3,0,0,0,0,0
62,2021:09:02,14:05:30,9/02/2021,250824933,Amazon,Twist,L005046488,5342,654,510,6,temp,full,68677,Thomas,Machine 3,A,4,920,full,0,[],[],TDAI599EB0P,-28.23529412,Bath,25.08,Week 35,September,Q 3,0,0,0,0,0
63,2021:09:02,13:02:21,9/02/2021,250824933,Amazon,Twist,L321042648,5342,582,582,6,temp,full,68677,Thomas,Machine 3,A,4,817,full,0,[],[''],TDAI599EB0P,0.0,Bath,20.53,Week 35,September,Q 3,0,0,0,0,0
64,2021:09:02,14:47:31,9/02/2021,250824933,Amazon,Twist,l214046049,4133,696,693,9,temp,full,68677,Thomas,Machine 3,A,4,975,full,0,[],[],TDAI599EB0P,-0.432900433,Bath,65.02,Week 35,September,Q 3,0,0,0,0,0
65,2021:09:02,23:26:44,9/02/2021,250824932,Amazon,Twist,l97,3664,153,153,3,temp,cut,62685,Alex,Machine 3,C,5,213,cut,0,[],[],TDAI599EB0P,0.0,Bath,147.52,Week 35,September,Q 3,0,0,0,0,0
66,2021:09:02,3:50:21,9/02/2021,250828179,Amazon,Solid,l146046375,7461,813,810,3,temp,full,62685,Alex,Machine 3,C,5,1109,full,0,[],[],TDAH645MB0P,-0.37037037,Bath,68.53,Week 35,September,Q 3,0,0,0,0,0
67,2021:09:02,6:28:17,9/02/2021,250828494,Amazon,Texture,l359046111,20520,948,948,3,temp,full,62685,Alex,Machine 3,C,5,1294,full,0,[],[],TDAH646MB0P,0.0,Bath,99.65,Week 35,September,Q 3,0,0,0,0,0
68,2021:09:02,2:58:55,9/02/2021,250828179,Amazon,Solid,l028046259,10263,981,978,3,temp,full,62685,Alex,Machine 3,C,5,1339,full,0,[],[],TDAH645MB0P,-0.306748466,Bath,21.93,Week 35,September,Q 3,0,0,0,0,0
69,2021:09:02,6:15:18,9/02/2021,250828494,Amazon,Texture,l118046128,20520,1050,1047,6,temp,full,62685,Alex,Machine 3,C,5,1430,full,0,[],[],TDAH646MB0P,-0.28653295100000004,Bath,88.77,Week 35,September,Q 3,0,0,0,0,0
70,2021:09:02,0:18:29,9/02/2021,250828179,Amazon,Solid,l015046738,23187,1137,1137,6,temp,full,62685,Alex,Machine 3,C,5,1549,full,0,[],[''],TDAH645MB0P,0.0,Bath,27.83,Week 35,September,Q 3,0,0,0,0,0
71,2021:09:02,20:46:14,9/02/2021,250843851,Amazon,Colored,L251046944,0,726,726,6,temp,full,110795,John,Machine 3,B,5,1058,full,0,[],[],TDAL855ZB0P,0.0,Bath,89.28,Week 35,September,Q 3,0,0,0,0,0
72,2021:09:02,9:59:30,9/02/2021,250824941,Amazon,Twist,L185042125,3779,1614,1614,30,temp,cut,68677,Thomas,Machine 3,A,6,522,cut,0,[],[],TDAI599EW0P,0.0,Wash,45.08,Week 35,September,Q 3,0,0,0,0,0
73,2021:09:02,21:23:56,9/02/2021,250843851,Amazon,Colored,L339046942,0,429,429,0,temp,full,110795,John,Machine 3,B,6,630,full,0,[],[],TDAL855ZB0P,0.0,Bath,28.45,Week 35,September,Q 3,0,0,0,0,0
74,2021:09:02,1:20:56,9/02/2021,250828179,Amazon,Solid,l205046160,23187,972,774,6,temp,full,62685,Alex,Machine 3,C,8,1323,full,0,[],[],TDAH645MB0P,-25.58139535,Bath,83.22,Week 35,September,Q 3,0,0,0,0,0
75,2021:09:02,9:31:01,9/02/2021,250828494,Amazon,Texture,L350046838,7986,918,918,6,temp,full,68677,Thomas,Machine 3,A,8,1249,full,0,['GTDP'],"['', 'Plain']",TDAH646MB0P,0.0,Bath,20.77,Week 35,September,Q 3,0,0,0,0,0
76,2021:09:02,4:11:55,9/02/2021,250828179,Amazon,Solid,l003046257,7461,756,912,9,temp,cut,62685,Alex,Machine 3,C,9,1023,cut,0,[],[],TDAH645MB0P,17.10526316,Bath,85.97,Week 35,September,Q 3,0,0,0,0,0
77,2021:09:02,5:20:51,9/02/2021,250828494,Amazon,Texture,l184045745,30294,948,948,6,temp,full,62685,Alex,Machine 3,C,9,1290,full,0,[],[''],TDAH646MB0P,0.0,Bath,41.07,Week 35,September,Q 3,0,0,0,0,0
78,2021:09:02,21:49:36,9/02/2021,250824932,Amazon,Twist,l22,3664,531,531,6,temp,full,110795,John,Machine 3,B,9,745,full,0,[],[],TDAI599EB0P,0.0,Bath,53.72,Week 35,September,Q 3,0,0,0,0,0
79,2021:09:02,1:54:05,9/02/2021,250828179,Amazon,Solid,l029045498,23187,807,804,6,temp,full,62685,Alex,Machine 3,C,10,1097,full,0,[],[],TDAH645MB0P,-0.37313432799999996,Bath,114.4,Week 35,September,Q 3,0,0,0,0,0
80,2021:09:02,2:45:13,9/02/2021,250828179,Amazon,Solid,l197046054,10263,819,816,6,temp,full,62685,Alex,Machine 3,C,12,1113,full,0,[],[],TDAH645MB0P,-0.367647059,Bath,10.53,Week 35,September,Q 3,0,0,0,0,0
81,2021:09:02,21:01:43,9/02/2021,250843851,Amazon,Colored,L327046968,0,777,774,6,temp,full,110795,John,Machine 3,B,12,1133,full,0,[],[],TDAL855ZB0P,-0.387596899,Bath,10.27,Week 35,September,Q 3,0,0,0,0,0
82,2021:09:02,18:01:33,9/02/2021,250824933,Amazon,Twist,l260042753,2378,618,618,9,temp,full,110795,John,Machine 3,B,13,864,full,0,[],[],TDAI599EB0P,0.0,Bath,53.23,Week 35,September,Q 3,0,0,0,0,0
83,2021:09:02,1:06:29,9/02/2021,250828179,Amazon,Solid,l115046696,23187,933,933,6,temp,full,62685,Alex,Machine 3,C,14,1269,full,0,[],[],TDAH645MB0P,0.0,Bath,71.42,Week 35,September,Q 3,0,0,0,0,0
84,2021:09:02,22:29:44,9/02/2021,250824932,Amazon,Twist,l213,3664,409,409,1,temp,full,110795,John,Machine 3,B,14,579,full,0,[],[],TDAI599EB0P,0.0,Bath,91.15,Week 35,September,Q 3,0,0,0,0,0
85,2021:09:02,20:35:55,9/02/2021,250843851,Amazon,Colored,L175046441,0,798,798,0,temp,full,110795,John,Machine 3,B,16,1173,full,0,[],[],TDAL855ZB0P,0.0,Bath,79.67,Week 35,September,Q 3,0,0,0,0,0
86,2021:09:02,3:39:06,9/02/2021,250828179,Amazon,Solid,l192046377,7461,1188,1188,6,temp,full,62685,Alex,Machine 3,C,18,1619,full,0,[],[],TDAH645MB0P,0.0,Bath,59.5,Week 35,September,Q 3,0,0,0,0,0
87,2021:09:02,13:56:32,9/02/2021,250824933,Amazon,Twist,L282043158,5342,249,249,6,temp,full,68677,Thomas,Machine 3,A,18,345,full,0,[],[],TDAI599EB0P,0.0,Bath,18.15,Week 35,September,Q 3,0,0,0,0,0
88,2021:09:02,18:26:43,9/02/2021,250824932,Amazon,Twist,l162046216,4187,543,543,6,temp,full,110795,John,Machine 3,B,18,762,full,0,[],[],TDAI599EB0P,0.0,Bath,77.2,Week 35,September,Q 3,0,0,0,0,0
89,2021:09:02,6:04:42,9/02/2021,250828494,Amazon,Texture,l143046075,20520,738,741,3,temp,full,62685,Alex,Machine 3,C,19,1006,full,0,[],[],TDAH646MB0P,0.4048583,Bath,81.4,Week 35,September,Q 3,0,0,0,0,0
90,2021:09:02,0:46:49,9/02/2021,250828179,Amazon,Solid,l107046793,23187,945,942,3,temp,full,62685,Alex,Machine 3,C,19,1290,full,0,[],[''],TDAH645MB0P,-0.318471338,Bath,54.05,Week 35,September,Q 3,0,0,0,0,0
91,2021:09:02,8:35:21,9/02/2021,250828494,Amazon,Texture,l116046130,11145,969,696,6,temp,full,68677,Thomas,Machine 3,A,41,1319,full,0,[],[],TDAH646MB0P,-39.22413793,Bath,39.2,Week 35,September,Q 3,0,0,0,0,0
92,2021:09:02,10:55:38,9/02/2021,250824941,Amazon,Twist,L200046517,3779,1746,1800,42,temp,full,68677,Thomas,Machine 3,A,46,562,full,0,[],[],TDAI599EW0P,3.0,Wash,103.45,Week 35,September,Q 3,0,0,0,0,0
93,2021:09:02,17:05:39,9/02/2021,250824933,Amazon,Twist,l106046516,2378,222,222,6,temp,full,110795,John,Machine 3,B,1,306,full,1,[],[''],TDAI599EB0P,0.0,Bath,0.48,Week 35,September,Q 3,1,0,0,0,0
94,2021:09:02,17:13:16,9/02/2021,250824933,Amazon,Twist,l162046509,2378,558,558,6,temp,full,110795,John,Machine 3,B,3,783,full,1,['GTDK'],['Knotting'],TDAI599EB0P,0.0,Bath,6.8,Week 35,September,Q 3,0,0,0,0,1
95,2021:09:02,21:10:05,9/02/2021,250843851,Amazon,Colored,L293042858,0,666,666,6,temp,full,110795,John,Machine 3,B,3,970,full,1,[],[],TDAL855ZB0P,0.0,Bath,16.28,Week 35,September,Q 3,0,0,0,0,1
96,2021:09:02,19:13:24,9/02/2021,250843851,Amazon,Colored,l327046699,378,756,756,9,temp,full,110795,John,Machine 3,B,4,1098,full,1,[],[''],TDAL855ZB0P,0.0,Bath,2.03,Week 35,September,Q 3,0,1,0,0,0
97,2021:09:02,12:46:46,9/02/2021,250824933,Amazon,Twist,L252042755,5342,624,624,6,temp,full,68677,Thomas,Machine 3,A,8,877,full,1,[],[''],TDAI599EB0P,0.0,Bath,6.47,Week 35,September,Q 3,0,1,0,0,0
98,2021:09:02,18:48:08,9/02/2021,250843851,Amazon,Colored,l284043808,1776,522,519,9,temp,full,110795,John,Machine 3,B,15,754,full,1,[],[''],TDAL855ZB0P,-0.5780346820000001,Bath,14.27,Week 35,September,Q 3,1,0,0,0,0
99,2021:09:02,0:06:04,9/02/2021,250828179,Amazon,Solid,l094045780_new,23187,780,915,6,temp,full,62685,Alex,Machine 3,C,20,1060,full,1,[],"['', 'Knotting']",TDAH645MB0P,14.75409836,Bath,18.42,Week 35,September,Q 3,1,0,0,0,0
100,2021:09:02,16:52:09,9/02/2021,250824933,Amazon,Twist,l105046510,2378,585,585,15,temp,full,110795,John,Machine 3,B,20,809,full,1,[],[''],TDAI599EB0P,0.0,Bath,15.15,Week 35,September,Q 3,0,0,0,0,1
101,2021:09:02,5:06:36,9/02/2021,250828494,Amazon,Texture,l191045958,30294,1143,1146,3,temp,full,62685,Alex,Machine 3,C,32,1561,full,1,[],"['', 'Knotting']",TDAH646MB0P,0.261780105,Bath,29.73,Week 35,September,Q 3,1,0,0,0,0
102,2021:09:02,9:17:21,9/02/2021,250828494,Amazon,Texture,L358046825,7986,1218,1218,6,temp,full,68677,Thomas,Machine 3,A,13,1660,full,2,['GTDP'],"['', 'Plain']",TDAH646MB0P,0.0,Bath,9.6,Week 35,September,Q 3,0,2,0,0,0
103,2021:09:03,8:42:55,9/03/2021,250838226,Amazon,Design,l269046962,12667,141,141,6,temp,cut,142641,Jack,Machine 3,A,0,184,cut,0,[],[],TDAK283ZB0P,0.0,Bath,0.42,Week 35,September,Q 3,0,0,0,0,0
104,2021:09:03,1:09:51,9/03/2021,250824932,Amazon,Twist,l106,3664,249,249,0,temp,cut,62685,Alex,Machine 3,C,2,353,cut,0,[],[],TDAI599EB0P,0.0,Bath,26.28,Week 35,September,Q 3,0,0,0,0,0
105,2021:09:03,0:13:25,9/03/2021,250824932,Amazon,Twist,l369,3664,297,297,6,temp,full,62685,Alex,Machine 3,C,2,413,full,0,[],[],TDAI599EB0P,0.0,Bath,192.03,Week 35,September,Q 3,0,0,0,0,0
106,2021:09:03,2:43:24,9/03/2021,250824935,Amazon,Twist,l214,2798,300,300,3,temp,full,62685,Alex,Machine 3,C,2,421,full,0,[],[],TDAI599EB0P,0.0,Bath,115.33,Week 35,September,Q 3,0,0,0,0,0
107,2021:09:03,9:53:06,9/03/2021,250838226,Amazon,Design,l266046323,12667,753,756,6,temp,full,142641,Jack,Machine 3,A,3,1023,full,0,[],[],TDAK283ZB0P,0.396825397,Bath,63.65,Week 35,September,Q 3,0,0,0,0,0
108,2021:09:03,4:02:31,9/03/2021,250824935,Amazon,Twist,l162,2798,438,438,3,temp,full,62685,Alex,Machine 3,C,3,617,full,0,[],[],TDAI599EB0P,0.0,Bath,190.88,Week 35,September,Q 3,0,0,0,0,0
109,2021:09:03,0:28:31,9/03/2021,250824932,Amazon,Twist,l320,3664,585,585,3,temp,full,62685,Alex,Machine 3,C,3,826,full,0,[],[],TDAI599EB0P,0.0,Bath,205.58,Week 35,September,Q 3,0,0,0,0,0
110,2021:09:03,6:43:30,9/03/2021,250838229,Amazon,Design,l264046539,2543,630,630,21,temp,full,62685,Alex,Machine 3,C,3,834,full,0,[],[],TDAK283ZB0P,0.0,Bath,13.43,Week 35,September,Q 3,0,0,0,0,0
111,2021:09:03,9:09:54,9/03/2021,250838226,Amazon,Design,l299046192,12667,690,687,9,temp,full,142641,Jack,Machine 3,A,4,932,full,0,[],[''],TDAK283ZB0P,-0.43668122299999995,Bath,24.27,Week 35,September,Q 3,0,0,0,0,0
112,2021:09:03,5:14:15,9/03/2021,250838229,Amazon,Design,l338046480,4424,639,645,3,temp,full,62685,Alex,Machine 3,C,4,871,full,0,[],[],TDAK283ZB0P,0.9302325579999999,Bath,46.6,Week 35,September,Q 3,0,0,0,0,0
113,2021:09:03,17:24:14,9/03/2021,250838226,Amazon,Design,l318046787,5982,792,792,9,temp,full,110795,John,Machine 3,B,4,854,full,0,[],[],TDAK283ZB0P,0.0,Bath,11.07,Week 35,September,Q 3,0,0,0,0,0
114,2021:09:03,10:45:24,9/03/2021,250838226,Amazon,Design,L269046324,11418,828,816,6,temp,full,142641,Jack,Machine 3,A,5,1126,full,0,[],[''],TDAK283ZB0P,-1.470588235,Bath,37.88,Week 35,September,Q 3,0,0,0,0,0
115,2021:09:03,6:14:59,9/03/2021,250838229,Amazon,Design,l288045778,4424,501,501,0,temp,full,62685,Alex,Machine 3,C,5,686,full,0,[],[],TDAK283ZB0P,0.0,Bath,101.78,Week 35,September,Q 3,0,0,0,0,0
116,2021:09:03,13:41:56,9/03/2021,250824944,Amazon,Twist,L176047091,350,1735,1735,5,temp,full,142641,Jack,Machine 3,A,6,1456,full,0,[],[],TDAI599EH0P,0.0,Hand,2.47,Week 35,September,Q 3,0,0,0,0,0
117,2021:09:03,3:07:04,9/03/2021,250824935,Amazon,Twist,l214,2798,354,354,0,temp,full,62685,Alex,Machine 3,C,6,502,full,0,[],[],TDAI599EB0P,0.0,Bath,137.2,Week 35,September,Q 3,0,0,0,0,0
118,2021:09:03,15:22:25,9/03/2021,250824931,Amazon,Twist,L022047148,2594,216,216,3,temp,cut,110795,John,Machine 3,B,6,142,cut,0,[],[],TDAI599EB0P,0.0,Hand,0.22,Week 35,September,Q 3,0,0,0,0,0
119,2021:09:03,22:03:21,9/03/2021,250836302,Amazon,Design,L004047195,8709,1182,1182,3,temp,full,110795,John,Machine 3,B,6,1642,full,0,[],[],TDAH645MB0P,0.0,Bath,17.95,Week 35,September,Q 3,0,0,0,0,0
120,2021:09:03,13:28:56,9/03/2021,250824935,Amazon,Twist,l213047126,350,156,156,6,temp,cut,142641,Jack,Machine 3,A,7,452,cut,0,[],[],TDAI599EB0P,0.0,Bath,2.47,Week 35,September,Q 3,0,0,0,0,0
121,2021:09:03,14:25:05,9/03/2021,250824942,Amazon,Twist,l092,0,275,275,15,temp,cut,142641,Jack,Machine 3,A,8,152,cut,0,[],[],TDAI599EH0P,0.0,Hand,2.47,Week 35,September,Q 3,0,0,0,0,0
122,2021:09:03,19:27:28,9/03/2021,250838226,Amazon,Design,l269045993,4590,576,576,9,temp,full,110795,John,Machine 3,B,8,854,full,0,[],[],TDAK283ZB0P,0.0,Bath,7.27,Week 35,September,Q 3,0,0,0,0,0
123,2021:09:03,21:50:41,9/03/2021,250836302,Amazon,Design,L159047089,8709,1041,1041,9,temp,full,110795,John,Machine 3,B,10,1517,full,0,[],[],TDAH645MB0P,0.0,Bath,17.95,Week 35,September,Q 3,0,0,0,0,0
124,2021:09:03,16:44:19,9/03/2021,250819356,Flipkart,Big one,l095047164,12599,1137,1137,6,temp,full,110795,John,Machine 3,B,10,1549,full,0,[],[],TDAG671MB0P,0.0,Bath,24.6,Week 35,September,Q 3,0,0,0,0,0
125,2021:09:03,6:38:04,9/03/2021,250838229,Amazon,Design,l338045717,2543,588,588,3,temp,full,62685,Alex,Machine 3,C,11,801,full,0,[],[],TDAK283ZB0P,0.0,Bath,9.6,Week 35,September,Q 3,0,0,0,0,0
126,2021:09:03,2:32:58,9/03/2021,250824935,Amazon,Twist,l106047029,2798,513,510,3,temp,full,62685,Alex,Machine 3,C,12,724,full,0,[],[],TDAI599EB0P,-0.588235294,Bath,105.93,Week 35,September,Q 3,0,0,0,0,0
127,2021:09:03,22:45:32,9/03/2021,250836302,Amazon,Solid,L338046930,18363,462,462,3,temp,cut,110795,John,Machine 3,B,12,1458,cut,0,[],[],TDAH645MB0P,0.0,Bath,9.05,Week 35,September,Q 3,0,0,0,0,0
128,2021:09:03,6:05:43,9/03/2021,250838229,Amazon,Design,l256045224,4424,825,828,3,temp,full,62685,Alex,Machine 3,C,13,1126,full,0,[],[],TDAK283ZB0P,0.362318841,Bath,94.12,Week 35,September,Q 3,0,0,0,0,0
129,2021:09:03,17:46:14,9/03/2021,250838226,Amazon,Design,l288046541,5982,807,807,9,temp,full,110795,John,Machine 3,B,13,546,full,0,[],[],TDAK283ZB0P,0.0,Bath,11.07,Week 35,September,Q 3,0,0,0,0,0
130,2021:09:03,0:55:50,9/03/2021,250824932,Amazon,Twist,l105,3664,459,459,6,temp,full,62685,Alex,Machine 3,C,14,643,full,0,[],[],TDAI599EB0P,0.0,Bath,12.97,Week 35,September,Q 3,0,0,0,0,0
131,2021:09:03,21:15:41,9/03/2021,250838226,Amazon,Design,L299045893,1674,765,765,9,temp,full,110795,John,Machine 3,B,15,892,full,0,[],[],TDAK283ZB0P,0.0,Bath,17.95,Week 35,September,Q 3,0,0,0,0,0
132,2021:09:03,16:10:19,9/03/2021,250819356,Flipkart,Big one,l324046344,12599,1068,1068,6,temp,full,110795,John,Machine 3,B,16,1486,full,0,[],[],TDAG671MB0P,0.0,Bath,24.6,Week 35,September,Q 3,0,0,0,0,0
133,2021:09:03,12:54:08,9/03/2021,250838226,Amazon,Design,L318046306,9858,855,873,9,temp,full,142641,Jack,Machine 3,A,19,1159,full,0,[],[],TDAK283ZB0P,2.06185567,Bath,162.62,Week 35,September,Q 3,0,0,0,0,0
134,2021:09:03,3:44:06,9/03/2021,250824935,Amazon,Twist,l22,2798,123,123,3,temp,full,62685,Alex,Machine 3,C,21,170,full,0,[],[],TDAI599EB0P,0.0,Bath,174.05,Week 35,September,Q 3,0,0,0,0,0
135,2021:09:03,14:36:05,9/03/2021,250824936,Amazon,Twist,l092,0,1425,1425,40,temp,cut,142641,Jack,Machine 3,A,22,426,cut,0,[],[],TDAI599EH0P,0.0,Hand,2.47,Week 35,September,Q 3,0,0,0,0,0
136,2021:09:03,9:44:48,9/03/2021,250838226,Amazon,Design,l256046183,12667,807,804,6,temp,full,142641,Jack,Machine 3,A,27,1097,full,0,[],[],TDAK283ZB0P,-0.37313432799999996,Bath,57.62,Week 35,September,Q 3,0,0,0,0,0
137,2021:09:03,0:05:44,9/03/2021,250824932,Amazon,Twist,l123,3664,408,408,6,temp,full,62685,Alex,Machine 3,C,29,570,full,0,[],[],TDAI599EB0P,0.0,Bath,185.62,Week 35,September,Q 3,0,0,0,0,0
138,2021:09:03,18:06:14,9/03/2021,250838226,Amazon,Design,l256046540,5982,801,801,6,temp,full,110795,John,Machine 3,B,29,458,full,0,[],[],TDAK283ZB0P,0.0,Bath,11.07,Week 35,September,Q 3,0,0,0,0,0
139,2021:09:03,4:55:39,9/03/2021,250838229,Amazon,Design,l338045060,4424,543,543,6,temp,full,62685,Alex,Machine 3,C,31,735,full,0,[],[],TDAK283ZB0P,0.0,Bath,30.13,Week 35,September,Q 3,0,0,0,0,0
140,2021:09:03,14:54:05,9/03/2021,250824937,Amazon,Twist,L200047145,2594,304,304,40,temp,cut,142641,Jack,Machine 3,A,1,87,cut,1,['GTDK'],['Knotting'],TDAI599EW0P,0.0,Wash,0.22,Week 35,September,Q 3,1,0,0,0,0
141,2021:09:03,13:48:12,9/03/2021,250824944,Amazon,Twist,l096,2524,730,729,0,temp,cut,142641,Jack,Machine 3,A,2,518,cut,1,['GTDK'],['Knotting'],TDAI599EH0P,-0.137174211,Hand,2.47,Week 35,September,Q 3,1,0,0,0,0
142,2021:09:03,1:21:46,9/03/2021,250824935,Amazon,Twist,l106,2798,156,156,3,temp,cut,62685,Alex,Machine 3,C,2,217,cut,1,[],[],TDAI599EB0P,0.0,Bath,37.73,Week 35,September,Q 3,0,1,0,0,0
143,2021:09:03,13:13:56,9/03/2021,250824935,Amazon,Twist,L106047106,350,339,324,12,temp,full,142641,Jack,Machine 3,A,3,464,full,1,['GTDP'],"['', 'Plain']",TDAI599EB0P,-4.62962963,Bath,2.47,Week 35,September,Q 3,0,1,0,0,0
144,2021:09:03,14:12:05,9/03/2021,250824942,Amazon,Twist,l096,0,1360,1360,30,temp,cut,142641,Jack,Machine 3,A,3,1452,cut,1,['GTDK'],['Knotting'],TDAI599EH0P,0.0,Hand,2.47,Week 35,September,Q 3,1,0,0,0,0
145,2021:09:03,5:41:38,9/03/2021,250838229,Amazon,Design,l269045209,4424,693,693,3,temp,full,62685,Alex,Machine 3,C,4,945,full,1,[],[''],TDAK283ZB0P,0.0,Bath,72.12,Week 35,September,Q 3,1,0,0,0,0
146,2021:09:03,8:58:24,9/03/2021,250838226,Amazon,Design,l269046962,12667,429,426,6,temp,full,142641,Jack,Machine 3,A,9,579,full,1,[],[''],TDAK283ZB0P,-0.704225352,Bath,14.9,Week 35,September,Q 3,1,0,0,0,0
147,2021:09:03,13:58:56,9/03/2021,250824945,Amazon,Twist,L200047145,0,2592,2592,18,temp,cut,142641,Jack,Machine 3,A,9,1561,cut,1,['GTDK'],['Knotting'],TDAI599EW0P,0.0,Hand,2.47,Week 35,September,Q 3,1,0,0,0,0
148,2021:09:03,19:07:28,9/03/2021,250838226,Amazon,Design,l318046537,4590,735,741,9,temp,full,110795,John,Machine 3,B,11,994,full,1,['GTDK'],['Knotting'],TDAK283ZB0P,0.809716599,Bath,7.27,Week 35,September,Q 3,1,0,0,0,0
149,2021:09:03,17:04:14,9/03/2021,250838226,Amazon,Design,l288046976,5982,600,600,3,temp,full,110795,John,Machine 3,B,12,817,full,1,['GTDK'],['Knotting'],TDAK283ZB0P,0.0,Bath,11.07,Week 35,September,Q 3,1,0,0,0,0
150,2021:09:03,20:50:41,9/03/2021,250838226,Amazon,Design,L256047042,1674,684,840,6,temp,full,110795,John,Machine 3,B,19,928,full,1,['GTDP],['Plain'],TDAK283ZB0P,18.57142857,Bath,17.95,Week 35,September,Q 3,0,1,0,0,0
151,2021:09:03,1:54:09,9/03/2021,250824935,Amazon,Twist,l91,2798,564,564,6,temp,full,62685,Alex,Machine 3,C,26,792,full,1,[],[],TDAI599EB0P,0.0,Bath,68.87,Week 35,September,Q 3,1,0,0,0,0
152,2021:09:03,15:46:25,9/03/2021,250819356,Flipkart,Big one,l001046859,12599,1257,1263,3,temp,full,110795,John,Machine 3,B,26,1717,full,1,['GTDK'],['Knotting'],TDAG671MB0P,0.47505938200000003,Bath,0.22,Week 35,September,Q 3,1,0,0,0,0
153,2021:09:03,16:35:19,9/03/2021,250819356,Flipkart,Big one,l354047173,12599,1158,1158,6,temp,full,110795,John,Machine 3,B,27,1578,full,1,['GTDK'],['Knotting'],TDAG671MB0P,0.0,Bath,24.6,Week 35,September,Q 3,1,0,0,0,0
154,2021:09:03,10:36:31,9/03/2021,250838226,Amazon,Design,L264045563,11418,555,567,3,temp,full,142641,Jack,Machine 3,A,32,756,full,1,[],[''],TDAK283ZB0P,2.1164021159999997,Bath,31.45,Week 35,September,Q 3,1,0,0,0,0
155,2021:09:03,12:31:36,9/03/2021,250838226,Amazon,Design,L264046322,9858,798,798,6,temp,full,142641,Jack,Machine 3,A,93,1085,full,1,['GTDK'],['Knotting'],TDAK283ZB0P,0.0,Bath,143.43,Week 35,September,Q 3,1,0,0,0,0
156,2021:09:03,22:25:23,9/03/2021,250836302,Amazon,Solid,L025047197,8709,1305,1305,6,temp,full,110795,John,Machine 3,B,12,1779,full,2,"['GTDK', 'GTDP']","['Knotting', 'Plain']",TDAH645MB0P,0.0,Bath,9.05,Week 35,September,Q 3,1,1,0,0,0
157,2021:09:04,15:06:55,9/04/2021,250819340,Flipkart,Big one,L161046837,7332,108,108,6,temp,cut,68677,Thomas,Machine 3,A,2,751,cut,0,[],[],TDAG671MB0P,0.0,Bath,10.7,Week 35,September,Q 3,0,0,0,0,0
158,2021:09:04,9:54:39,9/04/2021,250824931,Amazon,Design,L214047359,8258,504,507,6,temp,full,68677,Thomas,Machine 3,A,5,528,full,0,[],[],TDAI599EB0P,0.591715976,Bath,24.95,Week 35,September,Q 3,0,0,0,0,0
159,2021:09:04,13:43:54,9/04/2021,250819348,Flipkart,Big one,L209047337,16047,1518,1518,6,temp,full,68677,Thomas,Machine 3,A,5,1896,full,0,[],[],TDAG671MB0P,0.0,Bath,58.55,Week 35,September,Q 3,0,0,0,0,0
160,2021:09:04,2:48:57,9/04/2021,250836309,Amazon,Texture,L355046827,11073,1110,1110,9,temp,full,64379,Charles,Machine 3,C,6,1542,full,0,[],[],TDAH646MB0P,0.0,Bath,9.63,Week 35,September,Q 3,0,0,0,0,0
161,2021:09:04,9:45:39,9/04/2021,250824931,Amazon,Design,L105047358,8258,426,426,6,temp,full,68677,Thomas,Machine 3,A,6,659,full,0,[],[],TDAI599EB0P,0.0,Bath,24.95,Week 35,September,Q 3,0,0,0,0,0
162,2021:09:04,13:49:06,9/04/2021,250819348,Flipkart,Big one,L128046853,16047,1338,1338,9,temp,full,68677,Thomas,Machine 3,A,6,1755,full,0,[],[],TDAG671MB0P,0.0,Bath,58.55,Week 35,September,Q 3,0,0,0,0,0
163,2021:09:04,16:21:34,9/04/2021,250819340,Flipkart,Big one,L098046794,11620,900,900,6,temp,full,110795,John,Machine 3,B,6,912,full,0,[],[],TDAG671MB0P,0.0,Bath,8.0,Week 35,September,Q 3,0,0,0,0,0
164,2021:09:04,3:48:48,9/04/2021,250836309,Amazon,Texture,L186046877,5262,1098,1095,6,temp,full,64379,Charles,Machine 3,C,7,1466,full,0,[],[],TDAH646MB0P,-0.273972603,Bath,11.28,Week 35,September,Q 3,0,0,0,0,0
165,2021:09:04,2:58:07,9/04/2021,250836309,Amazon,Texture,L188046876,5262,1140,1140,9,temp,full,64379,Charles,Machine 3,C,8,1415,full,0,[],[],TDAH646MB0P,0.0,Bath,9.63,Week 35,September,Q 3,0,0,0,0,0
166,2021:09:04,14:52:42,9/04/2021,250819348,Flipkart,Big one,L161046837,7332,699,699,6,temp,full,68677,Thomas,Machine 3,A,8,862,full,0,[],[],TDAG671MB0P,0.0,Bath,10.7,Week 35,September,Q 3,0,0,0,0,0
167,2021:09:04,8:50:25,9/04/2021,250838236,Amazon,Design,L269047230,8258,711,711,6,temp,full,68677,Thomas,Machine 3,A,8,1026,full,0,[],[],TDAK283ZB0P,0.0,Bath,37.0,Week 35,September,Q 3,0,0,0,0,0
168,2021:09:04,13:32:54,9/04/2021,250819348,Flipkart,Big one,L103046444,16047,1113,1116,6,temp,full,68677,Thomas,Machine 3,A,8,1522,full,0,[],[],TDAG671MB0P,0.268817204,Bath,58.55,Week 35,September,Q 3,0,0,0,0,0
169,2021:09:04,21:41:51,9/04/2021,250836344,Amazon,Solid,L090046123,8383,732,732,3,temp,full,110795,John,Machine 3,B,8,752,full,0,[],[],TDAH645MB0P,0.0,Bath,21.0,Week 35,September,Q 3,0,0,0,0,0
170,2021:09:04,6:22:09,9/04/2021,250836309,Amazon,Texture,L165046752,0,1170,1170,18,temp,full,64379,Charles,Machine 3,C,9,1426,full,0,[],[],TDAH646MB0P,0.0,Bath,13.28,Week 35,September,Q 3,0,0,0,0,0
171,2021:09:04,10:24:02,9/04/2021,250819348,Flipkart,Big one,L317046640,2424,1089,1089,9,temp,full,68677,Thomas,Machine 3,A,10,1254,full,0,[],[],TDAG671MB0P,0.0,Bath,1.4,Week 35,September,Q 3,0,0,0,0,0
172,2021:09:04,1:42:24,9/04/2021,250836309,Amazon,Texture,L253047046,13542,1269,1269,3,temp,full,64379,Charles,Machine 3,C,11,1453,full,0,[],[],TDAH646MB0P,0.0,Bath,14.33,Week 35,September,Q 3,0,0,0,0,0
173,2021:09:04,21:26:18,9/04/2021,250836344,Amazon,Solid,L154046896,8383,876,876,3,temp,full,110795,John,Machine 3,B,11,952,full,0,[],[],TDAH645MB0P,0.0,Bath,21.0,Week 35,September,Q 3,0,0,0,0,0
174,2021:09:04,2:27:40,9/04/2021,250836309,Amazon,Texture,L156046903,11073,846,849,3,temp,full,64379,Charles,Machine 3,C,13,1045,full,0,[],[],TDAH646MB0P,0.35335689,Bath,9.63,Week 35,September,Q 3,0,0,0,0,0
175,2021:09:04,13:15:27,9/04/2021,250819348,Flipkart,Big one,L356047401,7332,1338,1338,6,temp,full,68677,Thomas,Machine 3,A,14,1452,full,0,[],[],TDAG671MB0P,0.0,Bath,16.47,Week 35,September,Q 3,0,0,0,0,0
176,2021:09:04,22:09:12,9/04/2021,250836344,Amazon,Solid,L265047044,8383,1248,1248,3,temp,full,110795,John,Machine 3,B,14,1852,full,0,[],[],TDAH645MB0P,0.0,Bath,15.2,Week 35,September,Q 3,0,0,0,0,0
177,2021:09:04,6:02:10,9/04/2021,250836309,Amazon,Texture,L304047058,0,954,954,3,temp,full,64379,Charles,Machine 3,C,15,1302,full,0,[],[],TDAH646MB0P,0.0,Bath,13.28,Week 35,September,Q 3,0,0,0,0,0
178,2021:09:04,1:11:43,9/04/2021,250836309,Amazon,Texture,L139046927,18363,1110,1110,6,temp,full,64379,Charles,Machine 3,C,15,1598,full,0,[],[],TDAH646MB0P,0.0,Bath,14.33,Week 35,September,Q 3,0,0,0,0,0
179,2021:09:04,9:30:18,9/04/2021,250838236,Amazon,Design,L256045560,8258,663,663,6,temp,full,68677,Thomas,Machine 3,A,15,623,full,0,[],[],TDAK283ZB0P,0.0,Bath,24.95,Week 35,September,Q 3,0,0,0,0,0
180,2021:09:04,10:46:02,9/04/2021,250819348,Flipkart,Big one,L300047379,2424,1140,1140,6,temp,full,68677,Thomas,Machine 3,A,15,1366,full,0,[],[],TDAG671MB0P,0.0,Bath,1.4,Week 35,September,Q 3,0,0,0,0,0
181,2021:09:04,3:10:48,9/04/2021,250836309,Amazon,Texture,L167046898,5262,1050,1047,3,temp,full,64379,Charles,Machine 3,C,16,1434,full,0,[],[],TDAH646MB0P,-0.28653295100000004,Bath,11.28,Week 35,September,Q 3,0,0,0,0,0
182,2021:09:04,4:42:31,9/04/2021,250836309,Amazon,Texture,L118047297,0,1440,1434,6,temp,full,64379,Charles,Machine 3,C,16,1652,full,0,[],[],TDAH646MB0P,-0.41841004200000004,Bath,11.28,Week 35,September,Q 3,0,0,0,0,0
183,2021:09:04,16:47:27,9/04/2021,250819340,Flipkart,Big one,L001047434,11620,1644,1644,6,temp,full,110795,John,Machine 3,B,16,1362,full,0,[],[],TDAG671MB0P,0.0,Bath,8.0,Week 35,September,Q 3,0,0,0,0,0
184,2021:09:04,18:57:12,9/04/2021,250836344,Amazon,Solid,L196047452,11620,1683,183,3,temp,full,110795,John,Machine 3,B,21,1826,full,0,[],[],TDAH645MB0P,-819.6721311000001,Bath,24.92,Week 35,September,Q 3,0,0,0,0,0
185,2021:09:04,19:54:37,9/04/2021,250836344,Amazon,Solid,L194047451,11449,1389,1389,0,temp,full,110795,John,Machine 3,B,22,1246,full,0,[],[],TDAH645MB0P,0.0,Bath,23.98,Week 35,September,Q 3,0,0,0,0,0
186,2021:09:04,9:12:11,9/04/2021,250838236,Amazon,Design,L318045716,8258,573,573,6,temp,full,68677,Thomas,Machine 3,A,26,776,full,0,[],[],TDAK283ZB0P,0.0,Bath,24.95,Week 35,September,Q 3,0,0,0,0,0
187,2021:09:04,22:35:27,9/04/2021,250836344,Amazon,Solid,L181047437,8383,594,594,6,temp,cut,110795,John,Machine 3,B,29,625,cut,0,[],[],TDAH645MB0P,0.0,Bath,15.2,Week 35,September,Q 3,0,0,0,0,0
188,2021:09:04,7:34:03,9/04/2021,250836309,Amazon,Texture,L253046621,0,1152,1152,15,temp,full,64379,Charles,Machine 3,C,34,1542,full,0,[],[],TDAH646MB0P,0.0,Bath,8.8,Week 35,September,Q 3,0,0,0,0,0
189,2021:09:04,5:22:45,9/04/2021,250836309,Amazon,Texture,L144046732,0,1206,1206,3,temp,full,64379,Charles,Machine 3,C,35,1582,full,0,[],[],TDAH646MB0P,0.0,Bath,11.28,Week 35,September,Q 3,0,0,0,0,0
190,2021:09:04,17:34:24,9/04/2021,250836344,Amazon,Solid,L025046736,11620,1170,1170,0,temp,full,110795,John,Machine 3,B,41,1952,full,0,[],[],TDAH645MB0P,0.0,Bath,14.73,Week 35,September,Q 3,0,0,0,0,0
191,2021:09:04,4:17:29,9/04/2021,250836309,Amazon,Texture,L281046960,0,1206,1206,6,temp,full,64379,Charles,Machine 3,C,5,1644,full,1,['GTDK'],['Knotting'],TDAH646MB0P,0.0,Bath,11.28,Week 35,September,Q 3,1,0,0,0,0
192,2021:09:04,16:04:46,9/04/2021,250819340,Flipkart,Big one,L336046822,142071,633,633,6,temp,cut,110795,John,Machine 3,B,9,858,cut,1,['GTDK'],['Knotting'],TDAG671MB0P,0.0,Bath,8.0,Week 35,September,Q 3,1,0,0,0,0
193,2021:09:04,6:34:03,9/04/2021,250836309,Amazon,Texture,L178046678,0,969,951,3,temp,full,64379,Charles,Machine 3,C,11,1323,full,1,['GTDK'],['Knotting'],TDAH646MB0P,-1.892744479,Bath,8.8,Week 35,September,Q 3,1,0,0,0,0
194,2021:09:04,1:57:40,9/04/2021,250836309,Amazon,Texture,L276046916,11073,864,876,3,temp,full,64379,Charles,Machine 3,C,12,1179,full,1,['GTDK'],['Knotting'],TDAH646MB0P,1.369863014,Bath,9.63,Week 35,September,Q 3,1,0,0,0,0
195,2021:09:04,14:38:12,9/04/2021,250819348,Flipkart,Big one,L317046971,7332,1131,1131,6,temp,full,68677,Thomas,Machine 3,A,13,1541,full,1,['GTDK'],['Knotting'],TDAG671MB0P,0.0,Bath,10.7,Week 35,September,Q 3,1,0,0,0,0
196,2021:09:04,1:22:12,9/04/2021,250836309,Amazon,Texture,L355047233,13542,1221,1221,3,temp,full,64379,Charles,Machine 3,C,16,1668,full,1,['GTDK'],['Knotting'],TDAH646MB0P,0.0,Bath,14.33,Week 35,September,Q 3,1,0,0,0,0
197,2021:09:04,0:50:20,9/04/2021,250836309,Amazon,Texture,L189046423,18363,1146,1146,3,temp,full,64379,Charles,Machine 3,C,17,1565,full,1,['GTDK'],['Knotting'],TDAH646MB0P,0.0,Bath,14.33,Week 35,September,Q 3,1,0,0,0,0
198,2021:09:04,15:14:14,9/04/2021,250819340,Flipkart,Big one,L336046822,142071,372,372,9,temp,cut,68677,Thomas,Machine 3,A,24,152,cut,1,['GTDK'],['Knotting'],TDAG671MB0P,0.0,Bath,10.7,Week 35,September,Q 3,1,0,0,0,0
199,2021:09:04,18:36:12,9/04/2021,250836344,Amazon,Solid,L197047449,11620,1398,1389,0,temp,full,110795,John,Machine 3,B,28,1915,full,1,['GTDK'],['Knotting'],TDAH645MB0P,-0.647948164,Bath,24.92,Week 35,September,Q 3,1,0,0,0,0
200,2021:09:04,12:27:28,9/04/2021,250819348,Flipkart,Big one,L128047388,16047,1377,1290,6,temp,full,68677,Thomas,Machine 3,A,61,1878,full,1,['GTDK'],['Knotting'],TDAG671MB0P,-6.744186047,Bath,58.55,Week 35,September,Q 3,1,0,0,0,0
201,2021:09:04,23:37:08,9/04/2021,250836435,Amazon,Texture,L162047423,10620,1239,1239,6,temp,full,62685,Alex,Machine 3,C,13,1689,full,2,"['GTDK','GTDK']","['', 'Knotting', 'Knotting']",TDAH646MB0P,0.0,Bath,10.22,Week 35,September,Q 3,2,0,0,0,0
202,2021:09:04,17:04:24,9/04/2021,250836344,Amazon,Solid,L177047435,11620,1623,1356,6,temp,full,110795,John,Machine 3,B,18,2215,full,2,"['GTDK', 'GTDP']","['', 'Knotting', 'Plain']",TDAH645MB0P,-19.69026549,Bath,14.73,Week 35,September,Q 3,1,1,0,0,0
203,2021:09:04,21:06:58,9/04/2021,250836344,Amazon,Solid,L119046982,8383,921,930,6,temp,full,110795,John,Machine 3,B,23,1253,full,2,['GTDK'],['Knotting'],TDAH645MB0P,0.967741935,Bath,21.0,Week 35,September,Q 3,1,0,0,0,1
204,2021:09:04,19:27:53,9/04/2021,250836344,Amazon,Solid,L254046843,11449,924,924,6,temp,full,110795,John,Machine 3,B,25,1257,full,2,"['GTDP', 'GTDP']","['', 'Plain', 'Plain']",TDAH645MB0P,0.0,Bath,23.98,Week 35,September,Q 3,0,2,0,0,0
205,2021:09:04,8:11:25,9/04/2021,250838236,Amazon,Design,L318047310,8258,771,780,6,temp,full,68677,Thomas,Machine 3,A,42,1048,full,2,"['GTDK', 'GTDP']","['', 'Knotting', 'Plain']",TDAK283ZB0P,1.153846154,Bath,37.0,Week 35,September,Q 3,1,1,0,0,0
206,2021:09:04,10:11:02,9/04/2021,250824937,Amazon,Twist,L200047372,2424,2400,2424,36,temp,full,68677,Thomas,Machine 3,A,4,780,full,3,"['GTDK', 'GTDP', 'GTDP']","['', 'Knotting', 'Plain', 'Plain']",TDAI599EW0P,0.99009901,Wash,1.4,Week 35,September,Q 3,1,2,0,0,0
207,2021:09:04,13:55:49,9/04/2021,250819348,Flipkart,Big one,L124046851,7332,1200,1140,6,temp,full,68677,Thomas,Machine 3,A,19,1635,full,3,"['GTDK', 'GTDP', 'GTDP']","['', 'Knotting', 'Plain', 'Plain']",TDAG671MB0P,-5.263157895,Bath,16.47,Week 35,September,Q 3,1,2,0,0,0
208,2021:09:04,21:51:12,9/04/2021,250836344,Amazon,Solid,L090047480,8383,1695,1692,6,temp,full,110795,John,Machine 3,B,19,2313,full,3,"['GTDP',GTDK]","['', 'Knotting', 'Plain']",TDAH645MB0P,-0.177304965,Bath,15.2,Week 35,September,Q 3,1,1,0,0,1
209,2021:09:05,7:24:04,9/05/2021,250819340,Flipkart,Big one,L134m01227,113592,1230,1230,6,temp,full,114883,Kevin,Machine 3,A,6,1529,full,0,[],[],TDAG671MB0P,0.0,Bath,43.1,Week 35,September,Q 3,0,0,0,0,0
210,2021:09:05,21:15:25,9/05/2021,250832874,Amazon,Plain,l277047597,0,756,756,3,temp,full,139704,Robert,Machine 3,B,8,1106,full,0,[],[],TDAA976ZB1P,0.0,Bath,8.88,Week 35,September,Q 3,0,0,0,0,0
211,2021:09:05,9:29:22,9/05/2021,250833598,Amazon,Texture,L179046261,97437,945,945,6,temp,full,114883,Kevin,Machine 3,A,8,951,full,0,[],[],TDAH646MB0P,0.0,Bath,27.08,Week 35,September,Q 3,0,0,0,0,0
212,2021:09:05,18:58:49,9/05/2021,250832874,Amazon,Plain,l277047051,2955,813,813,3,temp,full,139704,Robert,Machine 3,B,9,669,full,0,[],[],TDAA976ZB1P,0.0,Bath,6.18,Week 35,September,Q 3,0,0,0,0,0
213,2021:09:05,16:53:26,9/05/2021,250832874,Amazon,Plain,l341047624,8145,669,669,6,temp,full,139704,Robert,Machine 3,B,10,748,full,0,[],[],TDAA976ZB1P,0.0,Bath,12.65,Week 35,September,Q 3,0,0,0,0,0
214,2021:09:05,22:26:19,9/05/2021,250817881,Amazon,Plain,L274045278,0,786,786,6,temp,full,139704,Robert,Machine 3,B,10,1084,full,0,[],[],TDAA976ZB1P,0.0,Bath,4.27,Week 35,September,Q 3,0,0,0,0,0
215,2021:09:05,3:34:18,9/05/2021,250833602,Amazon,Texture,L116046580,1785,1131,1131,9,temp,full,62685,Alex,Machine 3,C,10,1426,full,0,[],[],TDAH646MB0P,0.0,Bath,14.4,Week 35,September,Q 3,0,0,0,0,0
216,2021:09:05,13:59:13,9/05/2021,250832874,Amazon,Plain,L295047588,17073,711,711,9,temp,full,114883,Kevin,Machine 3,A,10,952,full,0,[],[],TDAA976ZB1P,0.0,Bath,23.43,Week 35,September,Q 3,0,0,0,0,0
217,2021:09:05,17:02:13,9/05/2021,250832874,Amazon,Plain,l199045064,8145,624,621,3,temp,full,139704,Robert,Machine 3,B,11,795,full,0,[],[],TDAA976ZB1P,-0.48309178700000005,Bath,12.65,Week 35,September,Q 3,0,0,0,0,0
218,2021:09:05,14:38:29,9/05/2021,250832874,Amazon,Plain,L345047067,15762,900,900,0,temp,full,114883,Kevin,Machine 3,A,12,1323,full,0,[],[],TDAA976ZB1P,0.0,Bath,7.03,Week 35,September,Q 3,0,0,0,0,0
219,2021:09:05,7:34:44,9/05/2021,250819340,Flipkart,Big one,L133046932,97437,1350,1350,9,temp,full,114883,Kevin,Machine 3,A,12,1542,full,0,[],[],TDAG671MB0P,0.0,Bath,43.1,Week 35,September,Q 3,0,0,0,0,0
220,2021:09:05,9:06:23,9/05/2021,250833598,Amazon,Texture,L160046215,97437,735,735,6,temp,full,114883,Kevin,Machine 3,A,13,758,full,0,[],[],TDAH646MB0P,0.0,Bath,27.08,Week 35,September,Q 3,0,0,0,0,0
221,2021:09:05,8:07:42,9/05/2021,250833598,Flipkart,Big one,L179046261,97437,945,945,6,temp,full,114883,Kevin,Machine 3,A,13,951,full,0,[],[],TDAH646MB0P,0.0,Bath,43.1,Week 35,September,Q 3,0,0,0,0,0
222,2021:09:05,1:37:06,9/05/2021,250819340,Flipkart,Big one,L313047491,138411,1383,1383,6,temp,full,62685,Alex,Machine 3,C,14,1854,full,0,[],[],TDAG671MB0P,0.0,Bath,12.55,Week 35,September,Q 3,0,0,0,0,0
223,2021:09:05,8:52:14,9/05/2021,250819347,Flipkart,Big one,L133046932,97437,1350,1350,9,temp,full,114883,Kevin,Machine 3,A,14,1542,full,0,[],[],TDAG671MB0P,0.0,Bath,27.08,Week 35,September,Q 3,0,0,0,0,0
224,2021:09:05,21:42:18,9/05/2021,250817881,Amazon,Plain,L357045915,5632,537,537,3,temp,full,139704,Robert,Machine 3,B,15,689,full,0,[],[],TDAA976ZB1P,0.0,Bath,9.72,Week 35,September,Q 3,0,0,0,0,0
225,2021:09:05,10:51:17,9/05/2021,250833598,Amazon,Texture,l340047400,200,1002,1005,3,temp,full,114883,Kevin,Machine 3,A,15,1368,full,0,[],[],TDAH646MB0P,0.29850746300000003,Bath,13.42,Week 35,September,Q 3,0,0,0,0,0
226,2021:09:05,16:12:15,9/05/2021,250832874,Amazon,Plain,l357047121,8145,576,576,3,temp,full,139704,Robert,Machine 3,B,16,859,full,0,[],[],TDAA976ZB1P,0.0,Bath,12.65,Week 35,September,Q 3,0,0,0,0,0
227,2021:09:05,3:15:36,9/05/2021,250833602,Amazon,Texture,L281046590,1785,987,987,3,temp,full,62685,Alex,Machine 3,C,16,785,full,0,[],[],TDAH646MB0P,0.0,Bath,14.4,Week 35,September,Q 3,0,0,0,0,0
228,2021:09:05,2:34:14,9/05/2021,250819340,Flipkart,Big one,L208047453,130440,7453,7453,3,temp,full,62685,Alex,Machine 3,C,16,1852,full,0,[],[],TDAG671MB0P,0.0,Bath,28.28,Week 35,September,Q 3,0,0,0,0,0
229,2021:09:05,14:11:51,9/05/2021,250832874,Amazon,Plain,L347047623,17073,621,621,3,temp,full,114883,Kevin,Machine 3,A,16,841,full,0,[],[],TDAA976ZB1P,0.0,Bath,23.43,Week 35,September,Q 3,0,0,0,0,0
230,2021:09:05,2:54:44,9/05/2021,250833602,Amazon,Texture,L315046573,1785,1293,1293,3,temp,full,62685,Alex,Machine 3,C,17,1767,full,0,[],[],TDAH646MB0P,0.0,Bath,14.4,Week 35,September,Q 3,0,0,0,0,0
231,2021:09:05,22:48:10,9/05/2021,250817881,Amazon,Plain,L302047057,0,630,630,6,temp,full,139704,Robert,Machine 3,B,18,1052,full,0,[],[],TDAA976ZB1P,0.0,Bath,4.27,Week 35,September,Q 3,0,0,0,0,0
232,2021:09:05,7:49:33,9/05/2021,250833598,Flipkart,Big one,L160046215,97437,735,735,6,temp,full,114883,Kevin,Machine 3,A,19,758,full,0,[],[],TDAH646MB0P,0.0,Bath,43.1,Week 35,September,Q 3,0,0,0,0,0
233,2021:09:05,13:04:36,9/05/2021,250832874,Amazon,Plain,L345047580,0,813,813,3,temp,full,114883,Kevin,Machine 3,A,21,1152,full,0,[],[],TDAA976ZB1P,0.0,Bath,13.42,Week 35,September,Q 3,0,0,0,0,0
234,2021:09:05,6:38:07,9/05/2021,250819340,Flipkart,Big one,L343047492,113592,1341,1341,3,temp,full,62685,Alex,Machine 3,C,24,1854,full,0,[],[],TDAG671MB0P,0.0,Bath,43.1,Week 35,September,Q 3,0,0,0,0,0
235,2021:09:05,11:26:18,9/05/2021,250833598,Amazon,Texture,L276047593,0,1334,1334,6,temp,full,114883,Kevin,Machine 3,A,24,1358,full,0,[],[],TDAH646MB0P,0.0,Bath,13.42,Week 35,September,Q 3,0,0,0,0,0
236,2021:09:05,17:46:19,9/05/2021,250832874,Amazon,Plain,l309047385,5388,690,690,6,temp,full,139704,Robert,Machine 3,B,26,854,full,0,[],[],TDAA976ZB1P,0.0,Bath,14.72,Week 35,September,Q 3,0,0,0,0,0
237,2021:09:05,19:05:12,9/05/2021,250832874,Amazon,Plain,l211047655,2955,897,897,6,temp,full,139704,Robert,Machine 3,B,41,781,full,0,[],[],TDAA976ZB1P,0.0,Bath,6.18,Week 35,September,Q 3,0,0,0,0,0
238,2021:09:05,3:54:52,9/05/2021,250833602,Amazon,Texture,L304046781,1785,1062,1062,6,temp,full,62685,Alex,Machine 3,C,43,1575,full,0,[],[],TDAH646MB0P,0.0,Bath,14.4,Week 35,September,Q 3,0,0,0,0,0
239,2021:09:05,22:11:26,9/05/2021,250817881,Amazon,Plain,L341047071,4225,732,732,6,temp,full,139704,Robert,Machine 3,B,6,1067,full,1,['GTDK'],"['', 'Knotting']",TDAA976ZB1P,0.0,Bath,4.27,Week 35,September,Q 3,1,0,0,0,0
240,2021:09:05,18:45:02,9/05/2021,250832874,Amazon,Plain,l260045761,2955,444,444,6,temp,full,139704,Robert,Machine 3,B,7,643,full,1,['GTDK'],"['', 'Knotting']",TDAA976ZB1P,0.0,Bath,6.18,Week 35,September,Q 3,1,0,0,0,0
241,2021:09:05,20:51:01,9/05/2021,250832874,Amazon,Plain,l267045879,0,651,651,3,temp,full,139704,Robert,Machine 3,B,10,952,full,1,['GTDK'],"['', 'Knotting']",TDAA976ZB1P,0.0,Bath,8.88,Week 35,September,Q 3,1,0,0,0,0
242,2021:09:05,21:31:02,9/05/2021,250817881,Amazon,Plain,L255045756,5632,549,549,3,temp,full,139704,Robert,Machine 3,B,11,802,full,1,['GTDK'],"['', 'Knotting']",TDAA976ZB1P,0.0,Bath,9.72,Week 35,September,Q 3,1,0,0,0,0
243,2021:09:05,15:51:48,9/05/2021,250832874,Amazon,Plain,l312044684,8145,636,636,3,temp,full,139704,Robert,Machine 3,B,14,930,full,1,['GTDK'],"['', 'Knotting']",TDAA976ZB1P,0.0,Bath,12.65,Week 35,September,Q 3,1,0,0,0,0
244,2021:09:05,17:29:02,9/05/2021,250832874,Amazon,Plain,l267045091,5388,447,447,3,temp,full,139704,Robert,Machine 3,B,15,652,full,1,['GTDK'],"['', 'Knotting']",TDAA976ZB1P,0.0,Bath,14.72,Week 35,September,Q 3,1,0,0,0,0
245,2021:09:05,1:04:06,9/05/2021,250819340,Flipkart,Big one,L182047447,138411,1521,1521,6,temp,full,62685,Alex,Machine 3,C,16,2075,full,1,['GTDK'],"['', 'Knotting']",TDAG671MB0P,0.0,Bath,12.55,Week 35,September,Q 3,1,0,0,0,0
246,2021:09:05,23:41:24,9/05/2021,250819356,Flipkart,Big one,L095047707,0,1545,1539,3,temp,full,62685,Alex,Machine 3,C,22,2112,full,1,['GTDK'],"['', 'Knotting']",TDAG671MB0P,-0.38986354799999995,Bath,19.07,Week 35,September,Q 3,1,0,0,0,0
247,2021:09:05,8:22:51,9/05/2021,250819347,Flipkart,Big one,L134m01227,97437,1242,1230,12,temp,full,114883,Kevin,Machine 3,A,33,1685,full,1,['GTDKP'],['Plain'],TDAG671MB0P,-0.975609756,Bath,27.08,Week 35,September,Q 3,0,1,0,0,0
248,2021:09:05,12:38:15,9/05/2021,250833598,Amazon,Texture,L292047376,0,1578,1575,6,temp,full,114883,Kevin,Machine 3,A,19,2153,full,2,['GTDK'],"['', 'Knotting']",TDAH646MB0P,-0.19047619,Bath,13.42,Week 35,September,Q 3,1,0,0,0,1
249,2021:09:05,9:46:17,9/05/2021,250833598,Amazon,Texture,L358047575,200,1314,1314,12,temp,full,114883,Kevin,Machine 3,A,27,1783,full,2,"['GTDK','GTDK']","['', 'Knotting', 'Knotting']",TDAH646MB0P,0.0,Bath,24.48,Week 35,September,Q 3,2,0,0,0,0
250,2021:09:05,6:31:09,9/05/2021,250819340,Flipkart,Big one,L120047486,113592,1362,1362,3,temp,full,62685,Alex,Machine 3,C,46,1861,full,2,"['GTDK',GTDK]","['', 'Knotting', 'Knotting']",TDAG671MB0P,0.0,Bath,43.1,Week 35,September,Q 3,2,0,0,0,0
251,2021:09:05,1:52:42,9/05/2021,250819340,Flipkart,Big one,L021047431,130440,1500,1488,3,temp,full,62685,Alex,Machine 3,C,31,2050,full,3,"['GTDK', 'GTDP']","['', 'Knotting', 'Plain']",TDAG671MB0P,-0.806451613,Bath,28.28,Week 35,September,Q 3,2,1,0,0,0
252,2021:09:05,4:42:16,9/05/2021,250833630,Amazon,Texture,L168047528,0,807,780,3,temp,full,62685,Alex,Machine 3,C,14,1101,full,4,"['GTDK','GTDK','GTDP','GTDP']","['', 'Knotting', 'Knotting', 'Plain', 'Plain']",TDAH646MB0P,-3.461538462,Bath,12.33,Week 35,September,Q 3,2,2,0,0,0
253,2021:09:05,13:49:44,9/05/2021,250832874,Amazon,Plain,L267047549,17073,984,984,12,temp,full,114883,Kevin,Machine 3,A,26,1428,full,6,"['GTDK', 'GTDP', 'GTDP', 'GTDP', 'GTDO', 'GTDP']","['', 'Knotting', 'Plain', 'Plain', 'Plain', 'Others', 'Plain']",TDAA976ZB1P,0.0,Bath,23.43,Week 35,September,Q 3,2,3,0,0,1
254,2021:09:06,19:35:35,9/06/2021,250829704,Amazon,Texture,l153046854,89270,768,765,6,temp,full,110795,John,Machine 3,B,2,953,full,0,[],[],TDAH646MB0P,-0.39215686299999997,Bath,8.72,Week 36,September,Q 3,0,0,0,0,0
255,2021:09:06,6:38,9/06/2021,250848330,Amazon,Solid,l284047244,5219,981,981,6,temp,full,62685,Alex,Machine 3,C,4,1058,full,0,[],[],TDAH645MB0P,0.0,Bath,15.57,Week 36,September,Q 3,0,0,0,0,0
256,2021:09:06,14:32:23,9/06/2021,250829704,Amazon,Texture,l307047794,102959,1314,1314,6,temp,full,114883,Kevin,Machine 3,A,6,1629,full,0,[],[],TDAH646MB0P,0.0,Bath,15.42,Week 36,September,Q 3,0,0,0,0,0
257,2021:09:06,4:11:29,9/06/2021,250843829,Amazon,Colored,l325046972,489,828,828,6,temp,full,62685,Alex,Machine 3,C,8,1042,full,0,[],[],TDAL855ZB0P,0.0,Bath,9.27,Week 36,September,Q 3,0,0,0,0,0
258,2021:09:06,1:57:31,9/06/2021,250844068,Amazon,Colored,L283047504,1260,1056,1056,6,temp,full,62685,Alex,Machine 3,C,8,1102,full,0,[],[],TDAL855ZB0P,0.0,Bath,8.58,Week 36,September,Q 3,0,0,0,0,0
259,2021:09:06,7:25:59,9/06/2021,250843962,Amazon,Colored,l251047651,2664,1119,1119,6,temp,full,114883,Kevin,Machine 3,A,8,1458,full,0,[],[],TDAL855ZB0P,0.0,Bath,1.7,Week 36,September,Q 3,0,0,0,0,0
260,2021:09:06,10:25:24,9/06/2021,250829704,Amazon,Texture,l268047618,113912,1119,1119,6,temp,full,114883,Kevin,Machine 3,A,8,1692,full,0,[],[],TDAH646MB0P,0.0,Bath,18.8,Week 36,September,Q 3,0,0,0,0,0
261,2021:09:06,12:25,9/06/2021,250829704,Amazon,Texture,l160046940,112352,960,960,3,temp,full,114883,Kevin,Machine 3,A,9,1487,full,0,[],[],TDAH646MB0P,0.0,Bath,26.73,Week 36,September,Q 3,0,0,0,0,0
262,2021:09:06,21:21:53,9/06/2021,250817862,Amazon,Plain,l312045576,1890,513,513,9,temp,full,110795,John,Machine 3,B,10,740,full,0,[],[],TDAA976ZB1P,0.0,Bath,8.72,Week 36,September,Q 3,0,0,0,0,0
263,2021:09:06,5:15:19,9/06/2021,250843818,Amazon,Colored,l293043501,0,681,681,3,temp,full,62685,Alex,Machine 3,C,11,789,full,0,[],[],TDAL855ZB0P,0.0,Bath,8.67,Week 36,September,Q 3,0,0,0,0,0
264,2021:09:06,1:31:12,9/06/2021,250843828,Amazon,Colored,L327047250,1260,813,813,3,temp,full,62685,Alex,Machine 3,C,12,1652,full,0,[],[],TDAL855ZB0P,0.0,Bath,8.58,Week 36,September,Q 3,0,0,0,0,0
265,2021:09:06,22:35,9/06/2021,250817862,Amazon,Plain,l273047103,1890,666,666,6,temp,full,62685,Alex,Machine 3,C,13,850,full,0,[],[],TDAA976ZB1P,0.0,Bath,8.72,Week 36,September,Q 3,0,0,0,0,0
266,2021:09:06,3:42:51,9/06/2021,250843829,Amazon,Colored,l293047369,489,1107,1107,6,temp,full,62685,Alex,Machine 3,C,14,1458,full,0,[],[],TDAL855ZB0P,0.0,Bath,9.27,Week 36,September,Q 3,0,0,0,0,0
267,2021:09:06,19:06:28,9/06/2021,250829704,Amazon,Texture,l162047941,91478,1620,1620,6,temp,full,110795,John,Machine 3,B,14,2186,full,0,[],[],TDAH646MB0P,0.0,Bath,14.37,Week 36,September,Q 3,0,0,0,0,0
268,2021:09:06,22:26:53,9/06/2021,250817862,Amazon,Plain,l271045886,1890,615,615,6,temp,full,62685,Alex,Machine 3,C,15,801,full,0,[],[],TDAA976ZB1P,0.0,Bath,8.72,Week 36,September,Q 3,0,0,0,0,0
269,2021:09:06,2:35,9/06/2021,250844068,Amazon,Colored,l360042135,1260,843,843,3,temp,full,62685,Alex,Machine 3,C,15,965,full,0,[],[],TDAL855ZB0P,0.0,Bath,8.58,Week 36,September,Q 3,0,0,0,0,0
270,2021:09:06,22:11:56,9/06/2021,250817862,Amazon,Plain,l277045759,1890,549,549,3,temp,full,110795,John,Machine 3,B,15,742,full,0,[],[],TDAA976ZB1P,0.0,Bath,8.72,Week 36,September,Q 3,0,0,0,0,0
271,2021:09:06,16:09:28,9/06/2021,250829704,Amazon,Texture,l340047633,93725,1023,1023,6,temp,full,110795,John,Machine 3,B,15,1426,full,0,[],[],TDAH646MB0P,0.0,Bath,14.72,Week 36,September,Q 3,0,0,0,0,0
272,2021:09:06,5:39:41,9/06/2021,250843818,Amazon,Colored,l327047813,5219,786,786,6,temp,full,62685,Alex,Machine 3,C,16,956,full,0,[],[],TDAL855ZB0P,0.0,Bath,8.67,Week 36,September,Q 3,0,0,0,0,0
273,2021:09:06,12:59:16,9/06/2021,250829704,Amazon,Texture,l160047419,110375,855,855,6,temp,full,114883,Kevin,Machine 3,A,16,1148,full,0,[],[],TDAH646MB0P,0.0,Bath,12.0,Week 36,September,Q 3,0,0,0,0,0
274,2021:09:06,13:46:28,9/06/2021,250829704,Amazon,Texture,l169047831,107714,1260,1260,9,temp,full,114883,Kevin,Machine 3,A,16,1526,full,0,[],[],TDAH646MB0P,0.0,Bath,14.98,Week 36,September,Q 3,0,0,0,0,0
275,2021:09:06,17:54:54,9/06/2021,250829704,Amazon,Texture,l116047943,93725,1176,1185,9,temp,full,110795,John,Machine 3,B,17,1598,full,0,[],[],TDAH646MB0P,0.759493671,Bath,14.72,Week 36,September,Q 3,0,0,0,0,0
276,2021:09:06,4:52:14,9/06/2021,250843961,Amazon,Colored,l251045996,0,483,483,3,temp,full,62685,Alex,Machine 3,C,18,852,full,0,[],[],TDAL855ZB0P,0.0,Bath,8.67,Week 36,September,Q 3,0,0,0,0,0
277,2021:09:06,23:36:12,9/06/2021,250817862,Amazon,Plain,l271046451,1890,747,747,3,temp,full,62685,Alex,Machine 3,C,18,942,full,0,[],[],TDAA976ZB1P,0.0,Bath,8.72,Week 36,September,Q 3,0,0,0,0,0
278,2021:09:06,17:26:16,9/06/2021,250829704,Amazon,Texture,l116046974,96731,948,948,6,temp,full,110795,John,Machine 3,B,18,1260,full,0,[],[],TDAH646MB0P,0.0,Bath,17.88,Week 36,September,Q 3,0,0,0,0,0
279,2021:09:06,7:49:22,9/06/2021,250843962,Amazon,Colored,l284043488,2664,558,558,3,temp,full,114883,Kevin,Machine 3,A,18,712,full,0,[],[],TDAL855ZB0P,0.0,Bath,1.7,Week 36,September,Q 3,0,0,0,0,0
280,2021:09:06,0:52:27,9/06/2021,250843816,Amazon,Colored,L175047352,1260,1209,1209,3,temp,full,62685,Alex,Machine 3,C,21,1425,full,0,[],[],TDAL855ZB0P,0.0,Bath,18.65,Week 36,September,Q 3,0,0,0,0,0
281,2021:09:06,0:11:41,9/06/2021,250819356,Flipkart,Big one,L300047713,1260,1278,1278,6,temp,full,62685,Alex,Machine 3,C,21,1954,full,0,[],[],TDAG671MB0P,0.0,Bath,19.07,Week 36,September,Q 3,0,0,0,0,0
282,2021:09:06,15:05:52,9/06/2021,250829704,Amazon,Texture,l265047956,100505,1398,1398,6,temp,full,110795,John,Machine 3,B,22,1905,full,0,[],[],TDAH646MB0P,0.0,Bath,15.42,Week 36,September,Q 3,0,0,0,0,0
283,2021:09:06,9:56:14,9/06/2021,250829704,Amazon,Texture,l160047643,113912,858,858,6,temp,full,114883,Kevin,Machine 3,A,22,1569,full,0,[],[],TDAH646MB0P,0.0,Bath,18.8,Week 36,September,Q 3,0,0,0,0,0
284,2021:09:06,2:48:42,9/06/2021,250844068,Amazon,Colored,l293043982,1260,684,684,3,temp,full,62685,Alex,Machine 3,C,23,1015,full,0,[],[],TDAL855ZB0P,0.0,Bath,8.58,Week 36,September,Q 3,0,0,0,0,0
285,2021:09:06,21:48,9/06/2021,250817862,Amazon,Plain,l288048011,1890,687,687,6,temp,full,110795,John,Machine 3,B,23,815,full,0,[],[],TDAA976ZB1P,0.0,Bath,8.72,Week 36,September,Q 3,0,0,0,0,0
286,2021:09:06,2:11:24,9/06/2021,250844068,Amazon,Colored,L325047712,1260,939,939,9,temp,full,62685,Alex,Machine 3,C,24,1021,full,0,[],[],TDAL855ZB0P,0.0,Bath,8.58,Week 36,September,Q 3,0,0,0,0,0
287,2021:09:06,20:35:35,9/06/2021,250829704,Amazon,Texture,l268047048,89270,699,699,3,temp,full,110795,John,Machine 3,B,26,816,full,0,[],[],TDAH646MB0P,0.0,Bath,8.72,Week 36,September,Q 3,0,0,0,0,0
288,2021:09:06,8:25:17,9/06/2021,250843962,Amazon,Colored,l251032804,2664,165,165,6,temp,cut,114883,Kevin,Machine 3,A,28,516,cut,0,[],[],TDAL855ZB0P,0.0,Bath,1.7,Week 36,September,Q 3,0,0,0,0,0
289,2021:09:06,15:50,9/06/2021,250829704,Amazon,Texture,l143047611,100505,1608,1608,9,temp,full,110795,John,Machine 3,B,31,2214,full,0,[],[],TDAH646MB0P,0.0,Bath,15.42,Week 36,September,Q 3,0,0,0,0,0
290,2021:09:06,3:26:34,9/06/2021,250843817,Amazon,Colored,l284047556,489,666,948,3,temp,cut,62685,Alex,Machine 3,C,11,974,cut,1,['GTDP'],['Plain'],TDAL855ZB0P,29.74683544,Bath,9.27,Week 36,September,Q 3,1,0,0,0,0
291,2021:09:06,19:22:20,9/06/2021,250829704,Amazon,Texture,l281047614,89270,1104,1101,9,temp,full,110795,John,Machine 3,B,11,1500,full,1,['GTDK'],"['', 'Knotting']",TDAH646MB0P,-0.272479564,Bath,8.72,Week 36,September,Q 3,1,0,0,0,0
292,2021:09:06,12:40:06,9/06/2021,250829704,Amazon,Texture,l253047795,110375,1572,1560,6,temp,full,114883,Kevin,Machine 3,A,15,2145,full,1,['GTDK'],"['', 'Knotting']",TDAH646MB0P,-0.7692307690000001,Bath,12.0,Week 36,September,Q 3,1,0,0,0,0
293,2021:09:06,6:10:35,9/06/2021,250848330,Amazon,Solid,l293045031,5219,594,594,3,temp,full,62685,Alex,Machine 3,C,17,809,full,1,['GTDK'],"['', 'Knotting']",TDAH645MB0P,0.0,Bath,15.57,Week 36,September,Q 3,1,0,0,0,0
294,2021:09:06,18:32:35,9/06/2021,250829704,Amazon,Texture,l168047940,91478,1209,1200,6,temp,full,110795,John,Machine 3,B,17,1648,full,1,['GTDK'],"['', 'Knotting']",TDAH646MB0P,-0.75,Bath,14.37,Week 36,September,Q 3,1,0,0,0,0
295,2021:09:06,17:02:38,9/06/2021,250829704,Amazon,Texture,l145047939,96731,1263,1260,6,temp,full,110795,John,Machine 3,B,21,1722,full,1,['GTDK'],"['', 'Knotting']",TDAH646MB0P,-0.23809523800000001,Bath,17.88,Week 36,September,Q 3,1,0,0,0,0
296,2021:09:06,13:30:56,9/06/2021,250829704,Amazon,Texture,l167047722,107714,1191,1194,12,temp,full,114883,Kevin,Machine 3,A,23,1615,full,1,['GTDK'],"['', 'Knotting']",TDAH646MB0P,0.251256281,Bath,14.98,Week 36,September,Q 3,1,0,0,0,0
297,2021:09:06,11:17:48,9/06/2021,250829704,Amazon,Texture,l359047833,112352,1386,1380,3,temp,full,114883,Kevin,Machine 3,A,30,1894,full,1,['GTDK'],"['', 'Knotting']",TDAH646MB0P,-0.434782609,Bath,26.73,Week 36,September,Q 3,1,0,0,0,0
298,2021:09:06,14:10:02,9/06/2021,250829704,Amazon,Texture,l186047747,102959,1065,1065,6,temp,full,114883,Kevin,Machine 3,A,18,1450,full,2,"['GTDK','GTDP']","['', 'Knotting', 'Plain']",TDAH646MB0P,0.0,Bath,15.42,Week 36,September,Q 3,1,1,0,0,0
299,2021:09:06,0:34:37,9/06/2021,250843816,Amazon,Colored,L284042451,1260,690,684,3,temp,full,62685,Alex,Machine 3,C,20,1009,full,2,"['GTDK','GTDP']","['', 'Knotting', 'Plain']",TDAL855ZB0P,-0.8771929820000001,Bath,18.65,Week 36,September,Q 3,1,1,0,0,0
300,2021:09:06,14:47:11,9/06/2021,250829704,Amazon,Texture,l113047938,100505,1395,1395,12,temp,full,114883,Kevin,Machine 3,A,21,1894,full,2,"['GTDP','GTDP']","['', 'Plain','Plain']",TDAH646MB0P,0.0,Bath,15.42,Week 36,September,Q 3,0,2,0,0,0
301,2021:09:06,9:31:56,9/06/2021,250829704,Amazon,Texture,l292047811,113912,1560,1560,18,temp,full,114883,Kevin,Machine 3,A,23,2112,full,2,"['GTDK','GTDP']","['', 'Knotting', 'Plain']",TDAH646MB0P,0.0,Bath,18.8,Week 36,September,Q 3,1,1,0,0,0
302,2021:09:06,6:49:23,9/06/2021,250844070,Amazon,Colored,l325047430,2664,954,954,282,temp,full,62685,Alex,Machine 3,C,3,987,full,3,"['GTDK','GTDP','GTDK']","['', 'Knotting', 'Knotting', 'Plain']",TDAL855ZB0P,0.0,Bath,1.7,Week 36,September,Q 3,2,1,0,0,0
303,2021:09:06,4:38:21,9/06/2021,250843961,Amazon,Colored,l284043229,0,600,585,6,temp,full,62685,Alex,Machine 3,C,10,873,full,3,"['GTDK','GTDP','GTDK']","['', 'Knotting', 'Knotting', 'Plain']",TDAL855ZB0P,-2.564102564,Bath,8.67,Week 36,September,Q 3,2,1,0,0,0
304,2021:09:06,1:14:52,9/06/2021,250843828,Amazon,Colored,L327047567,1260,1059,1068,6,temp,full,62685,Alex,Machine 3,C,11,1547,full,3,"['GTDK','GTDP','GTDK']","['', 'Knotting', 'Knotting', 'Plain']",TDAL855ZB0P,0.8426966290000001,Bath,8.58,Week 36,September,Q 3,2,1,0,0,0
305,2021:09:07,10:18:49,9/07/2021,250829700,Amazon,Solid,l035047282,96993,1413,1413,3,temp,full,62685,Alex,Machine 3,C,4,1844,full,0,[],[],TDAH645MB0P,0.0,Bath,40.72,Week 36,September,Q 3,0,0,0,0,0
306,2021:09:07,1:10:16,9/07/2021,250829700,Amazon,Solid,l107048016,96993,903,903,3,temp,full,62685,Alex,Machine 3,C,6,1236,full,0,[],[],TDAH645MB0P,0.0,Bath,40.72,Week 36,September,Q 3,0,0,0,0,0
307,2021:09:07,2:55:56,9/07/2021,250829700,Amazon,Solid,l149047409,91446,1065,1065,6,temp,full,62685,Alex,Machine 3,C,10,1243,full,0,[],[],TDAH645MB0P,0.0,Bath,38.58,Week 36,September,Q 3,0,0,0,0,0
308,2021:09:07,0:59:52,9/07/2021,250834168,Amazon,Plain,l309045016,0,321,321,3,temp,cut,62685,Alex,Machine 3,C,11,520,cut,0,[],[],TDAA976ZB1P,0.0,Bath,40.72,Week 36,September,Q 3,0,0,0,0,0
309,2021:09:07,5:26:41,9/07/2021,250829700,Amazon,Solid,l205047967,58980,786,786,3,temp,full,62685,Alex,Machine 3,C,11,981,full,0,[],[],TDAH645MB0P,0.0,Bath,24.8,Week 36,September,Q 3,0,0,0,0,0
310,2021:09:07,3:49:28,9/07/2021,250829700,Amazon,Solid,l146048061,79917,915,915,9,temp,full,62685,Alex,Machine 3,C,11,1342,full,0,[],[],TDAH645MB0P,0.0,Bath,16.58,Week 36,September,Q 3,0,0,0,0,0
311,2021:09:07,14:01:22,9/07/2021,250829701,Amazon,Texture,L292048111,83452,990,990,3,temp,full,68677,Thomas,Machine 3,A,11,1124,full,0,[],[],TDAH646MB0P,0.0,Bath,15.6,Week 36,September,Q 3,0,0,0,0,0
312,2021:09:07,5:42:39,9/07/2021,250829700,Amazon,Solid,l025047973,58980,831,831,3,temp,full,62685,Alex,Machine 3,C,13,1054,full,0,[],[],TDAH645MB0P,0.0,Bath,24.8,Week 36,September,Q 3,0,0,0,0,0
313,2021:09:07,3:39:15,9/07/2021,250829700,Amazon,Solid,l104047489,79917,1284,1284,6,temp,full,62685,Alex,Machine 3,C,15,1589,full,0,[],[],TDAH645MB0P,0.0,Bath,16.58,Week 36,September,Q 3,0,0,0,0,0
314,2021:09:07,8:48,9/07/2021,250829700,Amazon,Solid,L194047868,37843,1278,1278,6,temp,full,68677,Thomas,Machine 3,A,15,1871,full,0,[],[],TDAH645MB0P,0.0,Bath,29.92,Week 36,September,Q 3,0,0,0,0,0
315,2021:09:07,6:15:26,9/07/2021,250829700,Amazon,Solid,l115048015,52717,1092,1092,9,temp,full,62685,Alex,Machine 3,C,16,1243,full,0,[],[],TDAH645MB0P,0.0,Bath,14.12,Week 36,September,Q 3,0,0,0,0,0
316,2021:09:07,15:12:33,9/07/2021,250829701,Amazon,Texture,L184048160,83452,199,199,6,temp,cut,110795,John,Machine 3,B,18,452,cut,0,[],[],TDAH646MB0P,0.0,Bath,8.55,Week 36,September,Q 3,0,0,0,0,0
317,2021:09:07,9:36:21,9/07/2021,250829700,Amazon,Solid,L177047752,37843,1065,1065,9,temp,full,68677,Thomas,Machine 3,A,21,1472,full,0,[],[],TDAH645MB0P,0.0,Bath,25.93,Week 36,September,Q 3,0,0,0,0,0
318,2021:09:07,1:48:52,9/07/2021,250829700,Amazon,Solid,l142047321,96993,1218,1218,3,temp,full,62685,Alex,Machine 3,C,26,1626,full,0,[],[],TDAH645MB0P,0.0,Bath,15.72,Week 36,September,Q 3,0,0,0,0,0
319,2021:09:07,12:55:25,9/07/2021,250829700,Amazon,Solid,L094048107,33085,996,996,6,temp,full,68677,Thomas,Machine 3,A,26,1352,full,0,[],[],TDAH645MB0P,0.0,Bath,15.6,Week 36,September,Q 3,0,0,0,0,0
320,2021:09:07,10:20:15,9/07/2021,250829701,Amazon,Solid,L359048141,89134,1065,1065,6,temp,full,68677,Thomas,Machine 3,A,29,1642,full,0,[],[],TDAH646MB0P,0.0,Bath,11.13,Week 36,September,Q 3,0,0,0,0,0
321,2021:09:07,14:36:25,9/07/2021,250829701,Amazon,Texture,L189047742,83452,1260,1260,6,temp,full,68677,Thomas,Machine 3,A,39,1645,full,0,[],[],TDAH646MB0P,0.0,Bath,8.55,Week 36,September,Q 3,0,0,0,0,0
322,2021:09:07,6:26:30,9/07/2021,250829700,Amazon,Solid,l154048035,52717,963,963,6,temp,full,62685,Alex,Machine 3,C,42,1378,full,0,[],[],TDAH645MB0P,0.0,Bath,14.12,Week 36,September,Q 3,0,0,0,0,0
323,2021:09:07,20:29:12,9/07/2021,250829704,Amazon,Texture,L113046989,71062,972,972,0,temp,full,110795,John,Machine 3,B,89,1331,full,0,[],[],TDAH646MB0P,0.0,Bath,68.98,Week 36,September,Q 3,0,0,0,0,0
324,2021:09:07,14:14:31,9/07/2021,250829701,Amazon,Texture,L307048099,83452,1020,1011,6,temp,full,68677,Thomas,Machine 3,A,11,1389,full,1,['GTDK'],"['', 'Knotting']",TDAH646MB0P,-0.890207715,Bath,8.55,Week 36,September,Q 3,1,0,0,0,0
325,2021:09:07,5:11:41,9/07/2021,250829700,Amazon,Solid,l142047720,58980,1251,1251,6,temp,full,62685,Alex,Machine 3,C,27,1705,full,1,['GTDK'],"['', 'Knotting']",TDAH645MB0P,0.0,Bath,24.8,Week 36,September,Q 3,1,0,0,0,0
326,2021:09:07,8:06:13,9/07/2021,250829700,Amazon,Solid,l194046378,37843,1185,1194,6,temp,full,68677,Thomas,Machine 3,A,32,1615,full,1,['GTDP'],"['', 'Plain']",TDAH645MB0P,0.7537688440000001,Bath,29.92,Week 36,September,Q 3,1,0,0,0,0
327,2021:09:07,13:39:33,9/07/2021,250829701,Amazon,Texture,L188048158,83452,1326,1335,6,temp,full,68677,Thomas,Machine 3,A,32,1808,full,1,['GTDP'],"['', 'Plain']",TDAH646MB0P,0.674157303,Bath,15.6,Week 36,September,Q 3,0,1,0,0,0
328,2021:09:07,20:42:39,9/07/2021,250829704,Amazon,Texture,L169048076,66124,645,645,6,temp,full,110795,John,Machine 3,B,3,875,full,2,[],"['', 'Knotting','Damage']",TDAH646MB0P,0.0,Bath,1.17,Week 36,September,Q 3,1,0,0,1,0
329,2021:09:07,9:46:48,9/07/2021,250829701,Amazon,Texture,L306048118,89134,1140,1140,6,temp,full,68677,Thomas,Machine 3,A,14,1553,full,2,"['GTDP', 'GTDK']","['', 'Plain', 'Knotting']",TDAH646MB0P,0.0,Bath,11.13,Week 36,September,Q 3,1,1,0,0,0
330,2021:09:07,5:55:50,9/07/2021,250829700,Amazon,Solid,l181047753,52717,966,1170,3,temp,full,62685,Alex,Machine 3,C,16,1319,full,2,"['GTDK','GTDK']","['', 'Knotting','Knotting]",TDAH645MB0P,17.43589744,Bath,14.12,Week 36,September,Q 3,2,0,0,0,0
331,2021:09:07,3:09:14,9/07/2021,250829700,Amazon,Solid,l166047418,79917,1113,1119,3,temp,full,62685,Alex,Machine 3,C,19,1520,full,2,"['GTDP', 'GTDK']","['', 'Plain', 'Knotting']",TDAH645MB0P,0.536193029,Bath,16.58,Week 36,September,Q 3,1,1,0,0,0
332,2021:09:07,1:25:41,9/07/2021,250829700,Amazon,Solid,l146047319,96993,1317,1320,3,temp,full,62685,Alex,Machine 3,C,19,1800,full,2,['GTDK'],"['', 'Knotting']",TDAH645MB0P,0.22727272699999998,Bath,15.72,Week 36,September,Q 3,2,0,0,0,0
333,2021:09:07,15:45:44,9/07/2021,250829704,Amazon,Texture,L156048203,80123,1227,1221,9,temp,full,110795,John,Machine 3,B,21,1668,full,2,['GTDK'],"['', 'Knotting','Damage']",TDAH646MB0P,-0.491400491,Bath,18.45,Week 36,September,Q 3,1,0,0,1,0
334,2021:09:07,9:06:21,9/07/2021,250829700,Amazon,Solid,L192047754,37843,1224,1230,6,temp,full,68677,Thomas,Machine 3,A,28,1668,full,2,"['GTDP', 'GTDK']","['', 'Plain', 'Knotting']",TDAH645MB0P,0.487804878,Bath,25.93,Week 36,September,Q 3,1,1,0,0,0
335,2021:09:07,18:23:15,9/07/2021,250829704,Amazon,Texture,L191047964,76706,1323,1314,6,temp,full,110795,John,Machine 3,B,30,1804,full,2,['GTDK'],"['', 'Knotting','Knotting]",TDAH646MB0P,-0.684931507,Bath,27.65,Week 36,September,Q 3,2,0,0,0,0
336,2021:09:07,0:10:52,9/07/2021,250834168,Amazon,Plain,l274047880,0,750,753,6,temp,full,62685,Alex,Machine 3,C,42,1093,full,2,['GTDK'],"['', 'Knotting']",TDAA976ZB1P,0.398406375,Bath,40.72,Week 36,September,Q 3,2,0,0,0,0
337,2021:09:07,2:29:48,9/07/2021,250829700,Amazon,Solid,l147047410,91446,1440,1440,6,temp,full,62685,Alex,Machine 3,C,41,1964,full,3,"['GTDP', 'GTDK']","['', 'Plain', 'Knotting']",TDAH645MB0P,0.0,Bath,38.58,Week 36,September,Q 3,1,2,0,0,0
338,2021:09:07,4:06:00,9/07/2021,250829700,Amazon,Solid,l154047630,68085,597,1179,3,temp,cut,62685,Alex,Machine 3,C,10,813,cut,4,"['GTDP', 'GTDK','GTDP','GTDP']","['', 'Knotting','Plain','Plain','Plain']",TDAH645MB0P,49.36386768,Bath,8.52,Week 36,September,Q 3,1,3,0,0,0
339,2021:09:07,12:39:45,9/07/2021,250829700,Amazon,Solid,L181048162,33085,1017,1020,6,temp,full,68677,Thomas,Machine 3,A,18,1385,full,4,"['GTDK','GTDP','GTDKP',GTDP]","['', 'Knotting','Plain','Plain','Plain']",TDAH645MB0P,0.294117647,Bath,15.6,Week 36,September,Q 3,1,3,0,0,0
340,2021:09:07,17:36:09,9/07/2021,250829704,Amazon,Texture,L189048245,80123,1086,783,3,temp,full,110795,John,Machine 3,B,51,1483,full,4,"['GTDP', 'GTDK']","['', 'Plain','Plain, 'Knotting','Knotting]",TDAH646MB0P,-38.69731801,Bath,49.02,Week 36,September,Q 3,2,2,0,0,0
